{
    "MEGCoordinateSystem": "ElektaNeuromag",
    "MEGCoordinateUnits": "m",
    "MEGCoordinateSystemDescription": "RAS orientation and the origin between the ears",
    "HeadCoilCoordinates": {
        "NAS": [
            3.725290298461914e-09,
            0.09817183017730713,
            -7.450580596923828e-09
        ],
        "LPA": [
            -0.0747147798538208,
            2.9802322387695312e-08,
            -1.862645149230957e-08
        ],
        "RPA": [
            0.07566691190004349,
            0.0,
            -1.1175870895385742e-08
        ],
        "coil1": [
            0.07167147845029831,
            -0.030252128839492798,
            0.007502637803554535
        ],
        "coil2": [
            0.052182842046022415,
            0.06690774112939835,
            0.07063820958137512
        ],
        "coil3": [
            -0.07634087651968002,
            -0.02465236373245716,
            0.017489731311798096
        ],
        "coil4": [
            -0.058766357600688934,
            0.07108131051063538,
            0.05641390010714531
        ]
    },
    "HeadCoilCoordinateSystem": "ElektaNeuromag",
    "HeadCoilCoordinateUnits": "m",
    "AnatomicalLandmarkCoordinates": {
        "NAS": [
            3.725290298461914e-09,
            0.09817183017730713,
            -7.450580596923828e-09
        ],
        "LPA": [
            -0.0747147798538208,
            2.9802322387695312e-08,
            -1.862645149230957e-08
        ],
        "RPA": [
            0.07566691190004349,
            0.0,
            -1.1175870895385742e-08
        ],
        "coil1": [
            0.07167147845029831,
            -0.030252128839492798,
            0.007502637803554535
        ],
        "coil2": [
            0.052182842046022415,
            0.06690774112939835,
            0.07063820958137512
        ],
        "coil3": [
            -0.07634087651968002,
            -0.02465236373245716,
            0.017489731311798096
        ],
        "coil4": [
            -0.058766357600688934,
            0.07108131051063538,
            0.05641390010714531
        ]
    },
    "AnatomicalLandmarkCoordinateSystem": "ElektaNeuromag",
    "AnatomicalLandmarkCoordinateUnits": "m"
}
