{
    "MEGCoordinateSystem": "ElektaNeuromag",
    "MEGCoordinateUnits": "m",
    "MEGCoordinateSystemDescription": "RAS orientation and the origin between the ears",
    "HeadCoilCoordinates": {
        "NAS": [
            0.0,
            0.09305590391159058,
            0.0
        ],
        "LPA": [
            -0.07399772852659225,
            -2.9802322387695312e-08,
            -7.450580596923828e-09
        ],
        "RPA": [
            0.0690348669886589,
            0.0,
            -7.450580596923828e-09
        ],
        "coil1": [
            -0.07314375042915344,
            -0.032136380672454834,
            0.012182831764221191
        ],
        "coil2": [
            -0.04044783115386963,
            0.0777336061000824,
            0.062269262969493866
        ],
        "coil3": [
            0.07054963707923889,
            -0.033376097679138184,
            0.011674843728542328
        ],
        "coil4": [
            0.053124457597732544,
            0.07723021507263184,
            0.04435765743255615
        ]
    },
    "HeadCoilCoordinateSystem": "ElektaNeuromag",
    "HeadCoilCoordinateUnits": "m",
    "AnatomicalLandmarkCoordinates": {
        "NAS": [
            0.0,
            0.09305590391159058,
            0.0
        ],
        "LPA": [
            -0.07399772852659225,
            -2.9802322387695312e-08,
            -7.450580596923828e-09
        ],
        "RPA": [
            0.0690348669886589,
            0.0,
            -7.450580596923828e-09
        ],
        "coil1": [
            -0.07314375042915344,
            -0.032136380672454834,
            0.012182831764221191
        ],
        "coil2": [
            -0.04044783115386963,
            0.0777336061000824,
            0.062269262969493866
        ],
        "coil3": [
            0.07054963707923889,
            -0.033376097679138184,
            0.011674843728542328
        ],
        "coil4": [
            0.053124457597732544,
            0.07723021507263184,
            0.04435765743255615
        ]
    },
    "AnatomicalLandmarkCoordinateSystem": "ElektaNeuromag",
    "AnatomicalLandmarkCoordinateUnits": "m"
}
