{
    "MEGCoordinateSystem": "ElektaNeuromag",
    "MEGCoordinateUnits": "m",
    "MEGCoordinateSystemDescription": "RAS orientation and the origin between the ears",
    "HeadCoilCoordinates": {
        "NAS": [
            -5.587935447692871e-09,
            0.08925777673721313,
            7.450580596923828e-09
        ],
        "LPA": [
            -0.0637613981962204,
            2.9802322387695312e-08,
            0.0
        ],
        "RPA": [
            0.07103502005338669,
            0.0,
            0.0
        ],
        "coil1": [
            0.04346943646669388,
            0.09051427245140076,
            0.04523836821317673
        ],
        "coil2": [
            0.06929861009120941,
            -0.02209654450416565,
            -0.00470558600500226
        ],
        "coil3": [
            -0.04854883253574371,
            0.08139517903327942,
            0.04870787262916565
        ],
        "coil4": [
            -0.06238095462322235,
            -0.019585520029067993,
            0.004221708048135042
        ]
    },
    "HeadCoilCoordinateSystem": "ElektaNeuromag",
    "HeadCoilCoordinateUnits": "m",
    "AnatomicalLandmarkCoordinates": {
        "NAS": [
            -5.587935447692871e-09,
            0.08925777673721313,
            7.450580596923828e-09
        ],
        "LPA": [
            -0.0637613981962204,
            2.9802322387695312e-08,
            0.0
        ],
        "RPA": [
            0.07103502005338669,
            0.0,
            0.0
        ],
        "coil1": [
            0.04346943646669388,
            0.09051427245140076,
            0.04523836821317673
        ],
        "coil2": [
            0.06929861009120941,
            -0.02209654450416565,
            -0.00470558600500226
        ],
        "coil3": [
            -0.04854883253574371,
            0.08139517903327942,
            0.04870787262916565
        ],
        "coil4": [
            -0.06238095462322235,
            -0.019585520029067993,
            0.004221708048135042
        ]
    },
    "AnatomicalLandmarkCoordinateSystem": "ElektaNeuromag",
    "AnatomicalLandmarkCoordinateUnits": "m"
}
