{
    "MEGCoordinateSystem": "ElektaNeuromag",
    "MEGCoordinateUnits": "m",
    "MEGCoordinateSystemDescription": "RAS orientation and the origin between the ears",
    "HeadCoilCoordinates": {
        "NAS": [
            -6.51925802230835e-09,
            0.10014340281486511,
            -7.450580596923828e-09
        ],
        "LPA": [
            -0.06535632908344269,
            0.0,
            -3.725290298461914e-09
        ],
        "RPA": [
            0.062364496290683746,
            0.0,
            -3.725290298461914e-09
        ],
        "coil1": [
            0.07409291714429855,
            -0.015417531132698059,
            0.037168312817811966
        ],
        "coil2": [
            0.04690324142575264,
            0.09947365522384644,
            0.059853434562683105
        ],
        "coil3": [
            -0.06888828426599503,
            -0.014708995819091797,
            0.035534217953681946
        ],
        "coil4": [
            -0.047771792858839035,
            0.1007893979549408,
            0.05313009023666382
        ]
    },
    "HeadCoilCoordinateSystem": "ElektaNeuromag",
    "HeadCoilCoordinateUnits": "m",
    "AnatomicalLandmarkCoordinates": {
        "NAS": [
            -6.51925802230835e-09,
            0.10014340281486511,
            -7.450580596923828e-09
        ],
        "LPA": [
            -0.06535632908344269,
            0.0,
            -3.725290298461914e-09
        ],
        "RPA": [
            0.062364496290683746,
            0.0,
            -3.725290298461914e-09
        ],
        "coil1": [
            0.07409291714429855,
            -0.015417531132698059,
            0.037168312817811966
        ],
        "coil2": [
            0.04690324142575264,
            0.09947365522384644,
            0.059853434562683105
        ],
        "coil3": [
            -0.06888828426599503,
            -0.014708995819091797,
            0.035534217953681946
        ],
        "coil4": [
            -0.047771792858839035,
            0.1007893979549408,
            0.05313009023666382
        ]
    },
    "AnatomicalLandmarkCoordinateSystem": "ElektaNeuromag",
    "AnatomicalLandmarkCoordinateUnits": "m"
}
