{
    "MEGCoordinateSystem": "ElektaNeuromag",
    "MEGCoordinateUnits": "m",
    "MEGCoordinateSystemDescription": "RAS orientation and the origin between the ears",
    "HeadCoilCoordinates": {
        "NAS": [
            -5.587935447692871e-09,
            0.10411244630813599,
            -3.725290298461914e-09
        ],
        "LPA": [
            -0.07241938263177872,
            0.0,
            1.862645149230957e-09
        ],
        "RPA": [
            0.07606744766235352,
            -2.9802322387695312e-08,
            -3.725290298461914e-09
        ],
        "coil1": [
            -0.040910910815000534,
            0.10037297010421753,
            0.05384359508752823
        ],
        "coil2": [
            -0.06821589916944504,
            -0.0333174467086792,
            0.011367389000952244
        ],
        "coil3": [
            0.04550277441740036,
            0.10604804754257202,
            0.04002438858151436
        ],
        "coil4": [
            0.07471669465303421,
            -0.02979135513305664,
            0.004822989925742149
        ]
    },
    "HeadCoilCoordinateSystem": "ElektaNeuromag",
    "HeadCoilCoordinateUnits": "m",
    "AnatomicalLandmarkCoordinates": {
        "NAS": [
            -5.587935447692871e-09,
            0.10411244630813599,
            -3.725290298461914e-09
        ],
        "LPA": [
            -0.07241938263177872,
            0.0,
            1.862645149230957e-09
        ],
        "RPA": [
            0.07606744766235352,
            -2.9802322387695312e-08,
            -3.725290298461914e-09
        ],
        "coil1": [
            -0.040910910815000534,
            0.10037297010421753,
            0.05384359508752823
        ],
        "coil2": [
            -0.06821589916944504,
            -0.0333174467086792,
            0.011367389000952244
        ],
        "coil3": [
            0.04550277441740036,
            0.10604804754257202,
            0.04002438858151436
        ],
        "coil4": [
            0.07471669465303421,
            -0.02979135513305664,
            0.004822989925742149
        ]
    },
    "AnatomicalLandmarkCoordinateSystem": "ElektaNeuromag",
    "AnatomicalLandmarkCoordinateUnits": "m"
}
