{
    "MEGCoordinateSystem": "ElektaNeuromag",
    "MEGCoordinateUnits": "m",
    "MEGCoordinateSystemDescription": "RAS orientation and the origin between the ears",
    "HeadCoilCoordinates": {
        "NAS": [
            2.3283064365386963e-10,
            0.09511193633079529,
            -7.450580596923828e-09
        ],
        "LPA": [
            -0.07037607580423355,
            2.9802322387695312e-08,
            0.0
        ],
        "RPA": [
            0.07130531966686249,
            0.0,
            7.450580596923828e-09
        ],
        "coil1": [
            0.06832697242498398,
            -0.025558948516845703,
            0.015850823372602463
        ],
        "coil2": [
            0.04649045690894127,
            0.0827646553516388,
            0.04961974173784256
        ],
        "coil3": [
            -0.042359840124845505,
            0.08646556735038757,
            0.04682346060872078
        ],
        "coil4": [
            -0.06902375817298889,
            -0.025776922702789307,
            0.012604407966136932
        ]
    },
    "HeadCoilCoordinateSystem": "ElektaNeuromag",
    "HeadCoilCoordinateUnits": "m",
    "AnatomicalLandmarkCoordinates": {
        "NAS": [
            2.3283064365386963e-10,
            0.09511193633079529,
            -7.450580596923828e-09
        ],
        "LPA": [
            -0.07037607580423355,
            2.9802322387695312e-08,
            0.0
        ],
        "RPA": [
            0.07130531966686249,
            0.0,
            7.450580596923828e-09
        ],
        "coil1": [
            0.06832697242498398,
            -0.025558948516845703,
            0.015850823372602463
        ],
        "coil2": [
            0.04649045690894127,
            0.0827646553516388,
            0.04961974173784256
        ],
        "coil3": [
            -0.042359840124845505,
            0.08646556735038757,
            0.04682346060872078
        ],
        "coil4": [
            -0.06902375817298889,
            -0.025776922702789307,
            0.012604407966136932
        ]
    },
    "AnatomicalLandmarkCoordinateSystem": "ElektaNeuromag",
    "AnatomicalLandmarkCoordinateUnits": "m"
}
