{
    "MEGCoordinateSystem": "ElektaNeuromag",
    "MEGCoordinateUnits": "m",
    "MEGCoordinateSystemDescription": "RAS orientation and the origin between the ears",
    "HeadCoilCoordinates": {
        "NAS": [
            -1.862645149230957e-09,
            0.1039063036441803,
            0.0
        ],
        "LPA": [
            -0.057774778455495834,
            2.9802322387695312e-08,
            0.0
        ],
        "RPA": [
            0.06423534452915192,
            2.9802322387695312e-08,
            0.0
        ],
        "coil1": [
            -0.05788708105683327,
            0.07459613680839539,
            0.049572937190532684
        ],
        "coil2": [
            -0.05850578099489212,
            -0.031309083104133606,
            -0.022005319595336914
        ],
        "coil3": [
            0.07067449390888214,
            -0.030645444989204407,
            -0.013192690908908844
        ],
        "coil4": [
            0.052499447017908096,
            0.08262273669242859,
            0.04936986044049263
        ]
    },
    "HeadCoilCoordinateSystem": "ElektaNeuromag",
    "HeadCoilCoordinateUnits": "m",
    "AnatomicalLandmarkCoordinates": {
        "NAS": [
            -1.862645149230957e-09,
            0.1039063036441803,
            0.0
        ],
        "LPA": [
            -0.057774778455495834,
            2.9802322387695312e-08,
            0.0
        ],
        "RPA": [
            0.06423534452915192,
            2.9802322387695312e-08,
            0.0
        ],
        "coil1": [
            -0.05788708105683327,
            0.07459613680839539,
            0.049572937190532684
        ],
        "coil2": [
            -0.05850578099489212,
            -0.031309083104133606,
            -0.022005319595336914
        ],
        "coil3": [
            0.07067449390888214,
            -0.030645444989204407,
            -0.013192690908908844
        ],
        "coil4": [
            0.052499447017908096,
            0.08262273669242859,
            0.04936986044049263
        ]
    },
    "AnatomicalLandmarkCoordinateSystem": "ElektaNeuromag",
    "AnatomicalLandmarkCoordinateUnits": "m"
}
