{
    "MEGCoordinateSystem": "ElektaNeuromag",
    "MEGCoordinateUnits": "m",
    "MEGCoordinateSystemDescription": "RAS orientation and the origin between the ears",
    "HeadCoilCoordinates": {
        "NAS": [
            0.0,
            0.10771101713180542,
            7.450580596923828e-09
        ],
        "LPA": [
            -0.07102158665657043,
            0.0,
            7.450580596923828e-09
        ],
        "RPA": [
            0.06809645891189575,
            -2.9802322387695312e-08,
            3.725290298461914e-09
        ],
        "coil1": [
            0.052261315286159515,
            0.08558723330497742,
            0.07080426812171936
        ],
        "coil2": [
            0.0723312646150589,
            -0.022884607315063477,
            0.014299064874649048
        ],
        "coil3": [
            -0.04016976058483124,
            0.103891521692276,
            0.06653999537229538
        ],
        "coil4": [
            -0.07596298307180405,
            -0.006917447317391634,
            0.018392575904726982
        ]
    },
    "HeadCoilCoordinateSystem": "ElektaNeuromag",
    "HeadCoilCoordinateUnits": "m",
    "AnatomicalLandmarkCoordinates": {
        "NAS": [
            0.0,
            0.10771101713180542,
            7.450580596923828e-09
        ],
        "LPA": [
            -0.07102158665657043,
            0.0,
            7.450580596923828e-09
        ],
        "RPA": [
            0.06809645891189575,
            -2.9802322387695312e-08,
            3.725290298461914e-09
        ],
        "coil1": [
            0.052261315286159515,
            0.08558723330497742,
            0.07080426812171936
        ],
        "coil2": [
            0.0723312646150589,
            -0.022884607315063477,
            0.014299064874649048
        ],
        "coil3": [
            -0.04016976058483124,
            0.103891521692276,
            0.06653999537229538
        ],
        "coil4": [
            -0.07596298307180405,
            -0.006917447317391634,
            0.018392575904726982
        ]
    },
    "AnatomicalLandmarkCoordinateSystem": "ElektaNeuromag",
    "AnatomicalLandmarkCoordinateUnits": "m"
}
