{
    "MEGCoordinateSystem": "ElektaNeuromag",
    "MEGCoordinateUnits": "m",
    "MEGCoordinateSystemDescription": "RAS orientation and the origin between the ears",
    "HeadCoilCoordinates": {
        "NAS": [
            -3.725290298461914e-09,
            0.09642225503921509,
            -3.725290298461914e-09
        ],
        "LPA": [
            -0.06604552268981934,
            0.0,
            -3.725290298461914e-09
        ],
        "RPA": [
            0.0656159520149231,
            0.0,
            0.0
        ],
        "coil1": [
            -0.06207923963665962,
            -0.026065558195114136,
            0.014553165063261986
        ],
        "coil2": [
            -0.049624115228652954,
            0.08089408278465271,
            0.07123436033725739
        ],
        "coil3": [
            0.06420277804136276,
            -0.024888664484024048,
            0.015903666615486145
        ],
        "coil4": [
            0.04779808223247528,
            0.08557942509651184,
            0.07020613551139832
        ]
    },
    "HeadCoilCoordinateSystem": "ElektaNeuromag",
    "HeadCoilCoordinateUnits": "m",
    "AnatomicalLandmarkCoordinates": {
        "NAS": [
            -3.725290298461914e-09,
            0.09642225503921509,
            -3.725290298461914e-09
        ],
        "LPA": [
            -0.06604552268981934,
            0.0,
            -3.725290298461914e-09
        ],
        "RPA": [
            0.0656159520149231,
            0.0,
            0.0
        ],
        "coil1": [
            -0.06207923963665962,
            -0.026065558195114136,
            0.014553165063261986
        ],
        "coil2": [
            -0.049624115228652954,
            0.08089408278465271,
            0.07123436033725739
        ],
        "coil3": [
            0.06420277804136276,
            -0.024888664484024048,
            0.015903666615486145
        ],
        "coil4": [
            0.04779808223247528,
            0.08557942509651184,
            0.07020613551139832
        ]
    },
    "AnatomicalLandmarkCoordinateSystem": "ElektaNeuromag",
    "AnatomicalLandmarkCoordinateUnits": "m"
}
