{
    "MEGCoordinateSystem": "ElektaNeuromag",
    "MEGCoordinateUnits": "m",
    "MEGCoordinateSystemDescription": "RAS orientation and the origin between the ears",
    "HeadCoilCoordinates": {
        "NAS": [
            -3.725290298461914e-09,
            0.09624963998794556,
            -2.7939677238464355e-09
        ],
        "LPA": [
            -0.06842716038227081,
            0.0,
            -6.05359673500061e-09
        ],
        "RPA": [
            0.06935477256774902,
            2.9802322387695312e-08,
            -6.984919309616089e-09
        ],
        "coil1": [
            0.057633645832538605,
            0.08522060513496399,
            0.05875373259186745
        ],
        "coil2": [
            0.07264848798513412,
            -0.022763758897781372,
            0.025675445795059204
        ],
        "coil3": [
            -0.07011453807353973,
            -0.02293291687965393,
            0.03053242713212967
        ],
        "coil4": [
            -0.05065125599503517,
            0.08156445622444153,
            0.08001784235239029
        ]
    },
    "HeadCoilCoordinateSystem": "ElektaNeuromag",
    "HeadCoilCoordinateUnits": "m",
    "AnatomicalLandmarkCoordinates": {
        "NAS": [
            -3.725290298461914e-09,
            0.09624963998794556,
            -2.7939677238464355e-09
        ],
        "LPA": [
            -0.06842716038227081,
            0.0,
            -6.05359673500061e-09
        ],
        "RPA": [
            0.06935477256774902,
            2.9802322387695312e-08,
            -6.984919309616089e-09
        ],
        "coil1": [
            0.057633645832538605,
            0.08522060513496399,
            0.05875373259186745
        ],
        "coil2": [
            0.07264848798513412,
            -0.022763758897781372,
            0.025675445795059204
        ],
        "coil3": [
            -0.07011453807353973,
            -0.02293291687965393,
            0.03053242713212967
        ],
        "coil4": [
            -0.05065125599503517,
            0.08156445622444153,
            0.08001784235239029
        ]
    },
    "AnatomicalLandmarkCoordinateSystem": "ElektaNeuromag",
    "AnatomicalLandmarkCoordinateUnits": "m"
}
