{
    "MEGCoordinateSystem": "ElektaNeuromag",
    "MEGCoordinateUnits": "m",
    "MEGCoordinateSystemDescription": "RAS orientation and the origin between the ears",
    "HeadCoilCoordinates": {
        "NAS": [
            1.862645149230957e-09,
            0.09350986778736115,
            0.0
        ],
        "LPA": [
            -0.0701279267668724,
            0.0,
            7.450580596923828e-09
        ],
        "RPA": [
            0.06824611127376556,
            0.0,
            1.4901161193847656e-08
        ],
        "coil1": [
            -0.06834844499826431,
            -0.02494630217552185,
            0.005939037073403597
        ],
        "coil2": [
            0.0652003362774849,
            -0.026889830827713013,
            -0.001701510976999998
        ],
        "coil3": [
            0.03650185093283653,
            0.09517090022563934,
            0.06020427495241165
        ],
        "coil4": [
            -0.03404201939702034,
            0.0947345644235611,
            0.05835697054862976
        ]
    },
    "HeadCoilCoordinateSystem": "ElektaNeuromag",
    "HeadCoilCoordinateUnits": "m",
    "AnatomicalLandmarkCoordinates": {
        "NAS": [
            1.862645149230957e-09,
            0.09350986778736115,
            0.0
        ],
        "LPA": [
            -0.0701279267668724,
            0.0,
            7.450580596923828e-09
        ],
        "RPA": [
            0.06824611127376556,
            0.0,
            1.4901161193847656e-08
        ],
        "coil1": [
            -0.06834844499826431,
            -0.02494630217552185,
            0.005939037073403597
        ],
        "coil2": [
            0.0652003362774849,
            -0.026889830827713013,
            -0.001701510976999998
        ],
        "coil3": [
            0.03650185093283653,
            0.09517090022563934,
            0.06020427495241165
        ],
        "coil4": [
            -0.03404201939702034,
            0.0947345644235611,
            0.05835697054862976
        ]
    },
    "AnatomicalLandmarkCoordinateSystem": "ElektaNeuromag",
    "AnatomicalLandmarkCoordinateUnits": "m"
}
