{
    "MEGCoordinateSystem": "ElektaNeuromag",
    "MEGCoordinateUnits": "m",
    "MEGCoordinateSystemDescription": "RAS orientation and the origin between the ears",
    "HeadCoilCoordinates": {
        "NAS": [
            1.862645149230957e-09,
            0.09677574038505554,
            0.0
        ],
        "LPA": [
            -0.06753355264663696,
            0.0,
            0.0
        ],
        "RPA": [
            0.06839129328727722,
            2.9802322387695312e-08,
            1.4901161193847656e-08
        ],
        "coil1": [
            -0.06516408175230026,
            -0.028103619813919067,
            -0.006362318992614746
        ],
        "coil2": [
            -0.051819298416376114,
            0.07819625735282898,
            0.05895356088876724
        ],
        "coil3": [
            0.0650271475315094,
            -0.02042202837765217,
            -0.02350447326898575
        ],
        "coil4": [
            0.04333500191569328,
            0.07925155758857727,
            0.06824829429388046
        ]
    },
    "HeadCoilCoordinateSystem": "ElektaNeuromag",
    "HeadCoilCoordinateUnits": "m",
    "AnatomicalLandmarkCoordinates": {
        "NAS": [
            1.862645149230957e-09,
            0.09677574038505554,
            0.0
        ],
        "LPA": [
            -0.06753355264663696,
            0.0,
            0.0
        ],
        "RPA": [
            0.06839129328727722,
            2.9802322387695312e-08,
            1.4901161193847656e-08
        ],
        "coil1": [
            -0.06516408175230026,
            -0.028103619813919067,
            -0.006362318992614746
        ],
        "coil2": [
            -0.051819298416376114,
            0.07819625735282898,
            0.05895356088876724
        ],
        "coil3": [
            0.0650271475315094,
            -0.02042202837765217,
            -0.02350447326898575
        ],
        "coil4": [
            0.04333500191569328,
            0.07925155758857727,
            0.06824829429388046
        ]
    },
    "AnatomicalLandmarkCoordinateSystem": "ElektaNeuromag",
    "AnatomicalLandmarkCoordinateUnits": "m"
}
