{
    "MEGCoordinateSystem": "ElektaNeuromag",
    "MEGCoordinateUnits": "m",
    "MEGCoordinateSystemDescription": "RAS orientation and the origin between the ears",
    "HeadCoilCoordinates": {
        "NAS": [
            0.0,
            0.10198113322257996,
            0.0
        ],
        "LPA": [
            -0.07725586742162704,
            2.9802322387695312e-08,
            3.725290298461914e-09
        ],
        "RPA": [
            0.07951334118843079,
            0.0,
            3.725290298461914e-09
        ],
        "coil1": [
            0.07901182025671005,
            -0.03166244924068451,
            0.007248864043504
        ],
        "coil2": [
            0.052555933594703674,
            0.07568559050559998,
            0.06891943514347076
        ],
        "coil3": [
            -0.07338164001703262,
            -0.027515055611729622,
            0.01895809918642044
        ],
        "coil4": [
            -0.051669683307409286,
            0.06942754983901978,
            0.06792859733104706
        ]
    },
    "HeadCoilCoordinateSystem": "ElektaNeuromag",
    "HeadCoilCoordinateUnits": "m",
    "AnatomicalLandmarkCoordinates": {
        "NAS": [
            0.0,
            0.10198113322257996,
            0.0
        ],
        "LPA": [
            -0.07725586742162704,
            2.9802322387695312e-08,
            3.725290298461914e-09
        ],
        "RPA": [
            0.07951334118843079,
            0.0,
            3.725290298461914e-09
        ],
        "coil1": [
            0.07901182025671005,
            -0.03166244924068451,
            0.007248864043504
        ],
        "coil2": [
            0.052555933594703674,
            0.07568559050559998,
            0.06891943514347076
        ],
        "coil3": [
            -0.07338164001703262,
            -0.027515055611729622,
            0.01895809918642044
        ],
        "coil4": [
            -0.051669683307409286,
            0.06942754983901978,
            0.06792859733104706
        ]
    },
    "AnatomicalLandmarkCoordinateSystem": "ElektaNeuromag",
    "AnatomicalLandmarkCoordinateUnits": "m"
}
