{
    "MEGCoordinateSystem": "ElektaNeuromag",
    "MEGCoordinateUnits": "m",
    "MEGCoordinateSystemDescription": "RAS orientation and the origin between the ears",
    "HeadCoilCoordinates": {
        "NAS": [
            0.0,
            0.10062244534492493,
            0.0
        ],
        "LPA": [
            -0.06355356425046921,
            0.0,
            0.0
        ],
        "RPA": [
            0.06385146081447601,
            0.0,
            0.0
        ],
        "coil1": [
            0.04315676540136337,
            0.09215867519378662,
            0.03493237867951393
        ],
        "coil2": [
            -0.03688410669565201,
            0.09980812668800354,
            0.04327590391039848
        ],
        "coil3": [
            -0.07081583142280579,
            -0.010737120173871517,
            0.015371144749224186
        ],
        "coil4": [
            0.07001820206642151,
            -0.00753322197124362,
            0.026035718619823456
        ]
    },
    "HeadCoilCoordinateSystem": "ElektaNeuromag",
    "HeadCoilCoordinateUnits": "m",
    "AnatomicalLandmarkCoordinates": {
        "NAS": [
            0.0,
            0.10062244534492493,
            0.0
        ],
        "LPA": [
            -0.06355356425046921,
            0.0,
            0.0
        ],
        "RPA": [
            0.06385146081447601,
            0.0,
            0.0
        ],
        "coil1": [
            0.04315676540136337,
            0.09215867519378662,
            0.03493237867951393
        ],
        "coil2": [
            -0.03688410669565201,
            0.09980812668800354,
            0.04327590391039848
        ],
        "coil3": [
            -0.07081583142280579,
            -0.010737120173871517,
            0.015371144749224186
        ],
        "coil4": [
            0.07001820206642151,
            -0.00753322197124362,
            0.026035718619823456
        ]
    },
    "AnatomicalLandmarkCoordinateSystem": "ElektaNeuromag",
    "AnatomicalLandmarkCoordinateUnits": "m"
}
