{
    "MEGCoordinateSystem": "ElektaNeuromag",
    "MEGCoordinateUnits": "m",
    "MEGCoordinateSystemDescription": "RAS orientation and the origin between the ears",
    "HeadCoilCoordinates": {
        "NAS": [
            -9.313225746154785e-10,
            0.09342305362224579,
            -7.450580596923828e-09
        ],
        "LPA": [
            -0.06019045040011406,
            -1.4901161193847656e-08,
            3.725290298461914e-09
        ],
        "RPA": [
            0.06490246951580048,
            -1.4901161193847656e-08,
            0.0
        ],
        "coil1": [
            -0.042664993554353714,
            -0.029757022857666016,
            0.11123708635568619
        ],
        "coil2": [
            -0.06071973219513893,
            0.04876398667693138,
            0.08310222625732422
        ],
        "coil3": [
            0.041211001574993134,
            0.08761949837207794,
            0.06673338264226913
        ],
        "coil4": [
            0.07110179960727692,
            -0.008653358556330204,
            0.0849185436964035
        ]
    },
    "HeadCoilCoordinateSystem": "ElektaNeuromag",
    "HeadCoilCoordinateUnits": "m",
    "AnatomicalLandmarkCoordinates": {
        "NAS": [
            -9.313225746154785e-10,
            0.09342305362224579,
            -7.450580596923828e-09
        ],
        "LPA": [
            -0.06019045040011406,
            -1.4901161193847656e-08,
            3.725290298461914e-09
        ],
        "RPA": [
            0.06490246951580048,
            -1.4901161193847656e-08,
            0.0
        ],
        "coil1": [
            -0.042664993554353714,
            -0.029757022857666016,
            0.11123708635568619
        ],
        "coil2": [
            -0.06071973219513893,
            0.04876398667693138,
            0.08310222625732422
        ],
        "coil3": [
            0.041211001574993134,
            0.08761949837207794,
            0.06673338264226913
        ],
        "coil4": [
            0.07110179960727692,
            -0.008653358556330204,
            0.0849185436964035
        ]
    },
    "AnatomicalLandmarkCoordinateSystem": "ElektaNeuromag",
    "AnatomicalLandmarkCoordinateUnits": "m"
}
