{
    "MEGCoordinateSystem": "ElektaNeuromag",
    "MEGCoordinateUnits": "m",
    "MEGCoordinateSystemDescription": "RAS orientation and the origin between the ears",
    "HeadCoilCoordinates": {
        "NAS": [
            3.725290298461914e-09,
            0.09437566995620728,
            0.0
        ],
        "LPA": [
            -0.06532000750303268,
            -2.9802322387695312e-08,
            -3.725290298461914e-09
        ],
        "RPA": [
            0.06363578885793686,
            0.0,
            -3.725290298461914e-09
        ],
        "coil1": [
            0.0665968656539917,
            -0.028350740671157837,
            0.014429583214223385
        ],
        "coil2": [
            0.04459882527589798,
            0.09046816825866699,
            0.048355940729379654
        ],
        "coil3": [
            -0.06530772149562836,
            -0.02716463804244995,
            0.027046822011470795
        ],
        "coil4": [
            -0.040277011692523956,
            0.09234046936035156,
            0.05760721117258072
        ]
    },
    "HeadCoilCoordinateSystem": "ElektaNeuromag",
    "HeadCoilCoordinateUnits": "m",
    "AnatomicalLandmarkCoordinates": {
        "NAS": [
            3.725290298461914e-09,
            0.09437566995620728,
            0.0
        ],
        "LPA": [
            -0.06532000750303268,
            -2.9802322387695312e-08,
            -3.725290298461914e-09
        ],
        "RPA": [
            0.06363578885793686,
            0.0,
            -3.725290298461914e-09
        ],
        "coil1": [
            0.0665968656539917,
            -0.028350740671157837,
            0.014429583214223385
        ],
        "coil2": [
            0.04459882527589798,
            0.09046816825866699,
            0.048355940729379654
        ],
        "coil3": [
            -0.06530772149562836,
            -0.02716463804244995,
            0.027046822011470795
        ],
        "coil4": [
            -0.040277011692523956,
            0.09234046936035156,
            0.05760721117258072
        ]
    },
    "AnatomicalLandmarkCoordinateSystem": "ElektaNeuromag",
    "AnatomicalLandmarkCoordinateUnits": "m"
}
