{
    "MEGCoordinateSystem": "ElektaNeuromag",
    "MEGCoordinateUnits": "m",
    "MEGCoordinateSystemDescription": "RAS orientation and the origin between the ears",
    "HeadCoilCoordinates": {
        "NAS": [
            -5.122274160385132e-09,
            0.09083864092826843,
            -3.725290298461914e-09
        ],
        "LPA": [
            -0.06136982887983322,
            2.9802322387695312e-08,
            7.450580596923828e-09
        ],
        "RPA": [
            0.0647619441151619,
            2.9802322387695312e-08,
            3.725290298461914e-09
        ],
        "coil1": [
            -0.06472756713628769,
            -0.026183024048805237,
            0.011349832639098167
        ],
        "coil2": [
            -0.022060444578528404,
            0.10045167803764343,
            0.04766415059566498
        ],
        "coil3": [
            0.030862469226121902,
            0.09783932566642761,
            0.043763667345047
        ],
        "coil4": [
            0.06868232041597366,
            -0.028555333614349365,
            0.0052673970349133015
        ]
    },
    "HeadCoilCoordinateSystem": "ElektaNeuromag",
    "HeadCoilCoordinateUnits": "m",
    "AnatomicalLandmarkCoordinates": {
        "NAS": [
            -5.122274160385132e-09,
            0.09083864092826843,
            -3.725290298461914e-09
        ],
        "LPA": [
            -0.06136982887983322,
            2.9802322387695312e-08,
            7.450580596923828e-09
        ],
        "RPA": [
            0.0647619441151619,
            2.9802322387695312e-08,
            3.725290298461914e-09
        ],
        "coil1": [
            -0.06472756713628769,
            -0.026183024048805237,
            0.011349832639098167
        ],
        "coil2": [
            -0.022060444578528404,
            0.10045167803764343,
            0.04766415059566498
        ],
        "coil3": [
            0.030862469226121902,
            0.09783932566642761,
            0.043763667345047
        ],
        "coil4": [
            0.06868232041597366,
            -0.028555333614349365,
            0.0052673970349133015
        ]
    },
    "AnatomicalLandmarkCoordinateSystem": "ElektaNeuromag",
    "AnatomicalLandmarkCoordinateUnits": "m"
}
