{
    "MEGCoordinateSystem": "ElektaNeuromag",
    "MEGCoordinateUnits": "m",
    "MEGCoordinateSystemDescription": "RAS orientation and the origin between the ears",
    "HeadCoilCoordinates": {
        "NAS": [
            0.0,
            0.09768137335777283,
            0.0
        ],
        "LPA": [
            -0.06841026246547699,
            0.0,
            0.0
        ],
        "RPA": [
            0.06603369116783142,
            0.0,
            0.0
        ],
        "coil1": [
            -0.07263355702161789,
            -0.021000593900680542,
            0.02961747907102108
        ],
        "coil2": [
            0.06998716294765472,
            -0.0234126765280962,
            0.016918163746595383
        ],
        "coil3": [
            0.05365815386176109,
            0.09474346041679382,
            0.04283718019723892
        ],
        "coil4": [
            -0.04933469370007515,
            0.09878820180892944,
            0.045370638370513916
        ]
    },
    "HeadCoilCoordinateSystem": "ElektaNeuromag",
    "HeadCoilCoordinateUnits": "m",
    "AnatomicalLandmarkCoordinates": {
        "NAS": [
            0.0,
            0.09768137335777283,
            0.0
        ],
        "LPA": [
            -0.06841026246547699,
            0.0,
            0.0
        ],
        "RPA": [
            0.06603369116783142,
            0.0,
            0.0
        ],
        "coil1": [
            -0.07263355702161789,
            -0.021000593900680542,
            0.02961747907102108
        ],
        "coil2": [
            0.06998716294765472,
            -0.0234126765280962,
            0.016918163746595383
        ],
        "coil3": [
            0.05365815386176109,
            0.09474346041679382,
            0.04283718019723892
        ],
        "coil4": [
            -0.04933469370007515,
            0.09878820180892944,
            0.045370638370513916
        ]
    },
    "AnatomicalLandmarkCoordinateSystem": "ElektaNeuromag",
    "AnatomicalLandmarkCoordinateUnits": "m"
}
