{
    "MEGCoordinateSystem": "ElektaNeuromag",
    "MEGCoordinateUnits": "m",
    "MEGCoordinateSystemDescription": "RAS orientation and the origin between the ears",
    "HeadCoilCoordinates": {
        "NAS": [
            -7.450580596923828e-09,
            0.09807565808296204,
            -5.587935447692871e-09
        ],
        "LPA": [
            -0.06674604117870331,
            0.0,
            -3.725290298461914e-09
        ],
        "RPA": [
            0.0701514407992363,
            0.0,
            -9.313225746154785e-10
        ],
        "coil1": [
            -0.0259864404797554,
            0.102402463555336,
            0.03904620558023453
        ],
        "coil2": [
            0.024075645953416824,
            0.10343417525291443,
            0.023263782262802124
        ],
        "coil3": [
            0.0744842067360878,
            -0.0164185743778944,
            0.0130299162119627
        ],
        "coil4": [
            -0.06577611714601517,
            -0.014814183115959167,
            0.023575352504849434
        ]
    },
    "HeadCoilCoordinateSystem": "ElektaNeuromag",
    "HeadCoilCoordinateUnits": "m",
    "AnatomicalLandmarkCoordinates": {
        "NAS": [
            -7.450580596923828e-09,
            0.09807565808296204,
            -5.587935447692871e-09
        ],
        "LPA": [
            -0.06674604117870331,
            0.0,
            -3.725290298461914e-09
        ],
        "RPA": [
            0.0701514407992363,
            0.0,
            -9.313225746154785e-10
        ],
        "coil1": [
            -0.0259864404797554,
            0.102402463555336,
            0.03904620558023453
        ],
        "coil2": [
            0.024075645953416824,
            0.10343417525291443,
            0.023263782262802124
        ],
        "coil3": [
            0.0744842067360878,
            -0.0164185743778944,
            0.0130299162119627
        ],
        "coil4": [
            -0.06577611714601517,
            -0.014814183115959167,
            0.023575352504849434
        ]
    },
    "AnatomicalLandmarkCoordinateSystem": "ElektaNeuromag",
    "AnatomicalLandmarkCoordinateUnits": "m"
}
