{
    "MEGCoordinateSystem": "ElektaNeuromag",
    "MEGCoordinateUnits": "m",
    "MEGCoordinateSystemDescription": "RAS orientation and the origin between the ears",
    "HeadCoilCoordinates": {
        "NAS": [
            7.450580596923828e-09,
            0.09027108550071716,
            1.4901161193847656e-08
        ],
        "LPA": [
            -0.06583555787801743,
            2.9802322387695312e-08,
            1.4901161193847656e-08
        ],
        "RPA": [
            0.06925699859857559,
            2.9802322387695312e-08,
            7.450580596923828e-09
        ],
        "coil1": [
            0.06551215052604675,
            -0.03392955660820007,
            0.007331036031246185
        ],
        "coil2": [
            0.03313903138041496,
            0.08995303511619568,
            0.05339604616165161
        ],
        "coil3": [
            -0.041793711483478546,
            0.08527576923370361,
            0.0507206991314888
        ],
        "coil4": [
            -0.06926008313894272,
            -0.017369864508509636,
            0.021323634311556816
        ]
    },
    "HeadCoilCoordinateSystem": "ElektaNeuromag",
    "HeadCoilCoordinateUnits": "m",
    "AnatomicalLandmarkCoordinates": {
        "NAS": [
            7.450580596923828e-09,
            0.09027108550071716,
            1.4901161193847656e-08
        ],
        "LPA": [
            -0.06583555787801743,
            2.9802322387695312e-08,
            1.4901161193847656e-08
        ],
        "RPA": [
            0.06925699859857559,
            2.9802322387695312e-08,
            7.450580596923828e-09
        ],
        "coil1": [
            0.06551215052604675,
            -0.03392955660820007,
            0.007331036031246185
        ],
        "coil2": [
            0.03313903138041496,
            0.08995303511619568,
            0.05339604616165161
        ],
        "coil3": [
            -0.041793711483478546,
            0.08527576923370361,
            0.0507206991314888
        ],
        "coil4": [
            -0.06926008313894272,
            -0.017369864508509636,
            0.021323634311556816
        ]
    },
    "AnatomicalLandmarkCoordinateSystem": "ElektaNeuromag",
    "AnatomicalLandmarkCoordinateUnits": "m"
}
