{
    "MEGCoordinateSystem": "ElektaNeuromag",
    "MEGCoordinateUnits": "m",
    "MEGCoordinateSystemDescription": "RAS orientation and the origin between the ears",
    "HeadCoilCoordinates": {
        "NAS": [
            -1.862645149230957e-09,
            0.0999116599559784,
            -3.725290298461914e-09
        ],
        "LPA": [
            -0.07221905887126923,
            2.9802322387695312e-08,
            0.0
        ],
        "RPA": [
            0.06819937378168106,
            -2.9802322387695312e-08,
            3.725290298461914e-09
        ],
        "coil1": [
            -0.054906994104385376,
            0.08705484867095947,
            0.04752201959490776
        ],
        "coil2": [
            -0.07247093319892883,
            -0.025361567735671997,
            0.005301211029291153
        ],
        "coil3": [
            0.06940799951553345,
            -0.023480653762817383,
            0.011288769543170929
        ],
        "coil4": [
            0.057498883455991745,
            0.08423936367034912,
            0.05512842535972595
        ]
    },
    "HeadCoilCoordinateSystem": "ElektaNeuromag",
    "HeadCoilCoordinateUnits": "m",
    "AnatomicalLandmarkCoordinates": {
        "NAS": [
            -1.862645149230957e-09,
            0.0999116599559784,
            -3.725290298461914e-09
        ],
        "LPA": [
            -0.07221905887126923,
            2.9802322387695312e-08,
            0.0
        ],
        "RPA": [
            0.06819937378168106,
            -2.9802322387695312e-08,
            3.725290298461914e-09
        ],
        "coil1": [
            -0.054906994104385376,
            0.08705484867095947,
            0.04752201959490776
        ],
        "coil2": [
            -0.07247093319892883,
            -0.025361567735671997,
            0.005301211029291153
        ],
        "coil3": [
            0.06940799951553345,
            -0.023480653762817383,
            0.011288769543170929
        ],
        "coil4": [
            0.057498883455991745,
            0.08423936367034912,
            0.05512842535972595
        ]
    },
    "AnatomicalLandmarkCoordinateSystem": "ElektaNeuromag",
    "AnatomicalLandmarkCoordinateUnits": "m"
}
