{
    "MEGCoordinateSystem": "ElektaNeuromag",
    "MEGCoordinateUnits": "m",
    "MEGCoordinateSystemDescription": "RAS orientation and the origin between the ears",
    "HeadCoilCoordinates": {
        "NAS": [
            3.259629011154175e-09,
            0.09788671135902405,
            0.0
        ],
        "LPA": [
            -0.07206213474273682,
            -5.960464477539063e-08,
            -1.4901161193847656e-08
        ],
        "RPA": [
            0.06832028925418854,
            -2.9802322387695312e-08,
            -1.4901161193847656e-08
        ],
        "coil1": [
            -0.07329677790403366,
            -0.02818623185157776,
            0.001066864002496004
        ],
        "coil2": [
            -0.05197294056415558,
            0.08543244004249573,
            0.050037164241075516
        ],
        "coil3": [
            0.06946921348571777,
            -0.030148953199386597,
            -0.000893890974111855
        ],
        "coil4": [
            0.04228539019823074,
            0.08771943300962448,
            0.050376035273075104
        ]
    },
    "HeadCoilCoordinateSystem": "ElektaNeuromag",
    "HeadCoilCoordinateUnits": "m",
    "AnatomicalLandmarkCoordinates": {
        "NAS": [
            3.259629011154175e-09,
            0.09788671135902405,
            0.0
        ],
        "LPA": [
            -0.07206213474273682,
            -5.960464477539063e-08,
            -1.4901161193847656e-08
        ],
        "RPA": [
            0.06832028925418854,
            -2.9802322387695312e-08,
            -1.4901161193847656e-08
        ],
        "coil1": [
            -0.07329677790403366,
            -0.02818623185157776,
            0.001066864002496004
        ],
        "coil2": [
            -0.05197294056415558,
            0.08543244004249573,
            0.050037164241075516
        ],
        "coil3": [
            0.06946921348571777,
            -0.030148953199386597,
            -0.000893890974111855
        ],
        "coil4": [
            0.04228539019823074,
            0.08771943300962448,
            0.050376035273075104
        ]
    },
    "AnatomicalLandmarkCoordinateSystem": "ElektaNeuromag",
    "AnatomicalLandmarkCoordinateUnits": "m"
}
