{
    "MEGCoordinateSystem": "ElektaNeuromag",
    "MEGCoordinateUnits": "m",
    "MEGCoordinateSystemDescription": "RAS orientation and the origin between the ears",
    "HeadCoilCoordinates": {
        "NAS": [
            -7.450580596923828e-09,
            0.10366946458816528,
            0.0
        ],
        "LPA": [
            -0.07229357957839966,
            0.0,
            -7.450580596923828e-09
        ],
        "RPA": [
            0.0611894354224205,
            -1.4901161193847656e-08,
            -1.4901161193847656e-08
        ],
        "coil1": [
            0.03634561225771904,
            0.06325092911720276,
            0.08990399539470673
        ],
        "coil2": [
            0.06077113747596741,
            -0.026876673102378845,
            0.008786014281213284
        ],
        "coil3": [
            -0.059037014842033386,
            0.07076790928840637,
            0.07311233878135681
        ],
        "coil4": [
            -0.07182666659355164,
            -0.023626387119293213,
            0.007874668575823307
        ]
    },
    "HeadCoilCoordinateSystem": "ElektaNeuromag",
    "HeadCoilCoordinateUnits": "m",
    "AnatomicalLandmarkCoordinates": {
        "NAS": [
            -7.450580596923828e-09,
            0.10366946458816528,
            0.0
        ],
        "LPA": [
            -0.07229357957839966,
            0.0,
            -7.450580596923828e-09
        ],
        "RPA": [
            0.0611894354224205,
            -1.4901161193847656e-08,
            -1.4901161193847656e-08
        ],
        "coil1": [
            0.03634561225771904,
            0.06325092911720276,
            0.08990399539470673
        ],
        "coil2": [
            0.06077113747596741,
            -0.026876673102378845,
            0.008786014281213284
        ],
        "coil3": [
            -0.059037014842033386,
            0.07076790928840637,
            0.07311233878135681
        ],
        "coil4": [
            -0.07182666659355164,
            -0.023626387119293213,
            0.007874668575823307
        ]
    },
    "AnatomicalLandmarkCoordinateSystem": "ElektaNeuromag",
    "AnatomicalLandmarkCoordinateUnits": "m"
}
