{
    "MEGCoordinateSystem": "ElektaNeuromag",
    "MEGCoordinateUnits": "m",
    "MEGCoordinateSystemDescription": "RAS orientation and the origin between the ears",
    "HeadCoilCoordinates": {
        "NAS": [
            0.0,
            0.10010778903961182,
            -3.725290298461914e-09
        ],
        "LPA": [
            -0.06534910947084427,
            0.0,
            0.0
        ],
        "RPA": [
            0.06630879640579224,
            0.0,
            3.725290298461914e-09
        ],
        "coil1": [
            -0.07215341925621033,
            -0.02690333127975464,
            0.023543838411569595
        ],
        "coil2": [
            -0.041850700974464417,
            0.1040830910205841,
            0.073884978890419
        ],
        "coil3": [
            0.07733721286058426,
            -0.015187948942184448,
            0.039966851472854614
        ],
        "coil4": [
            0.05089187249541283,
            0.09734246134757996,
            0.07911325991153717
        ]
    },
    "HeadCoilCoordinateSystem": "ElektaNeuromag",
    "HeadCoilCoordinateUnits": "m",
    "AnatomicalLandmarkCoordinates": {
        "NAS": [
            0.0,
            0.10010778903961182,
            -3.725290298461914e-09
        ],
        "LPA": [
            -0.06534910947084427,
            0.0,
            0.0
        ],
        "RPA": [
            0.06630879640579224,
            0.0,
            3.725290298461914e-09
        ],
        "coil1": [
            -0.07215341925621033,
            -0.02690333127975464,
            0.023543838411569595
        ],
        "coil2": [
            -0.041850700974464417,
            0.1040830910205841,
            0.073884978890419
        ],
        "coil3": [
            0.07733721286058426,
            -0.015187948942184448,
            0.039966851472854614
        ],
        "coil4": [
            0.05089187249541283,
            0.09734246134757996,
            0.07911325991153717
        ]
    },
    "AnatomicalLandmarkCoordinateSystem": "ElektaNeuromag",
    "AnatomicalLandmarkCoordinateUnits": "m"
}
