{
    "MEGCoordinateSystem": "ElektaNeuromag",
    "MEGCoordinateUnits": "m",
    "MEGCoordinateSystemDescription": "RAS orientation and the origin between the ears",
    "HeadCoilCoordinates": {
        "NAS": [
            0.0,
            0.09365785121917725,
            -1.4901161193847656e-08
        ],
        "LPA": [
            -0.0696677714586258,
            0.0,
            -2.9802322387695312e-08
        ],
        "RPA": [
            0.07450391352176666,
            0.0,
            -1.4901161193847656e-08
        ],
        "coil1": [
            -0.03913833573460579,
            0.08783844113349915,
            0.0597405880689621
        ],
        "coil2": [
            -0.07315129786729813,
            -0.020948320627212524,
            0.019089296460151672
        ],
        "coil3": [
            0.07258343696594238,
            -0.024099528789520264,
            0.004819587338715792
        ],
        "coil4": [
            0.04377874732017517,
            0.08844754099845886,
            0.057943109422922134
        ]
    },
    "HeadCoilCoordinateSystem": "ElektaNeuromag",
    "HeadCoilCoordinateUnits": "m",
    "AnatomicalLandmarkCoordinates": {
        "NAS": [
            0.0,
            0.09365785121917725,
            -1.4901161193847656e-08
        ],
        "LPA": [
            -0.0696677714586258,
            0.0,
            -2.9802322387695312e-08
        ],
        "RPA": [
            0.07450391352176666,
            0.0,
            -1.4901161193847656e-08
        ],
        "coil1": [
            -0.03913833573460579,
            0.08783844113349915,
            0.0597405880689621
        ],
        "coil2": [
            -0.07315129786729813,
            -0.020948320627212524,
            0.019089296460151672
        ],
        "coil3": [
            0.07258343696594238,
            -0.024099528789520264,
            0.004819587338715792
        ],
        "coil4": [
            0.04377874732017517,
            0.08844754099845886,
            0.057943109422922134
        ]
    },
    "AnatomicalLandmarkCoordinateSystem": "ElektaNeuromag",
    "AnatomicalLandmarkCoordinateUnits": "m"
}
