{
    "MEGCoordinateSystem": "ElektaNeuromag",
    "MEGCoordinateUnits": "m",
    "MEGCoordinateSystemDescription": "RAS orientation and the origin between the ears",
    "HeadCoilCoordinates": {
        "NAS": [
            3.725290298461914e-09,
            0.09898191690444946,
            0.0
        ],
        "LPA": [
            -0.06732183694839478,
            -2.9802322387695312e-08,
            -7.450580596923828e-09
        ],
        "RPA": [
            0.07031494379043579,
            -2.9802322387695312e-08,
            0.0
        ],
        "coil1": [
            -0.06729546934366226,
            -0.031697481870651245,
            -0.0029762310441583395
        ],
        "coil2": [
            -0.05356191471219063,
            0.06191110610961914,
            0.06865166127681732
        ],
        "coil3": [
            0.06899230182170868,
            -0.030193984508514404,
            0.001856022048741579
        ],
        "coil4": [
            0.0450919046998024,
            0.07506567239761353,
            0.0654168426990509
        ]
    },
    "HeadCoilCoordinateSystem": "ElektaNeuromag",
    "HeadCoilCoordinateUnits": "m",
    "AnatomicalLandmarkCoordinates": {
        "NAS": [
            3.725290298461914e-09,
            0.09898191690444946,
            0.0
        ],
        "LPA": [
            -0.06732183694839478,
            -2.9802322387695312e-08,
            -7.450580596923828e-09
        ],
        "RPA": [
            0.07031494379043579,
            -2.9802322387695312e-08,
            0.0
        ],
        "coil1": [
            -0.06729546934366226,
            -0.031697481870651245,
            -0.0029762310441583395
        ],
        "coil2": [
            -0.05356191471219063,
            0.06191110610961914,
            0.06865166127681732
        ],
        "coil3": [
            0.06899230182170868,
            -0.030193984508514404,
            0.001856022048741579
        ],
        "coil4": [
            0.0450919046998024,
            0.07506567239761353,
            0.0654168426990509
        ]
    },
    "AnatomicalLandmarkCoordinateSystem": "ElektaNeuromag",
    "AnatomicalLandmarkCoordinateUnits": "m"
}
