{
    "MEGCoordinateSystem": "ElektaNeuromag",
    "MEGCoordinateUnits": "m",
    "MEGCoordinateSystemDescription": "RAS orientation and the origin between the ears",
    "HeadCoilCoordinates": {
        "NAS": [
            -2.7939677238464355e-09,
            0.10182341933250427,
            0.0
        ],
        "LPA": [
            -0.06919323652982712,
            2.9802322387695312e-08,
            1.4901161193847656e-08
        ],
        "RPA": [
            0.0724835991859436,
            5.960464477539063e-08,
            0.0
        ],
        "coil1": [
            -0.07661284506320953,
            -0.02481985092163086,
            0.024906206876039505
        ],
        "coil2": [
            0.07820301502943039,
            -0.022675663232803345,
            0.017399989068508148
        ],
        "coil3": [
            0.046985507011413574,
            0.10637766122817993,
            0.06758826971054077
        ],
        "coil4": [
            -0.05550505593419075,
            0.0957106351852417,
            0.06898070126771927
        ]
    },
    "HeadCoilCoordinateSystem": "ElektaNeuromag",
    "HeadCoilCoordinateUnits": "m",
    "AnatomicalLandmarkCoordinates": {
        "NAS": [
            -2.7939677238464355e-09,
            0.10182341933250427,
            0.0
        ],
        "LPA": [
            -0.06919323652982712,
            2.9802322387695312e-08,
            1.4901161193847656e-08
        ],
        "RPA": [
            0.0724835991859436,
            5.960464477539063e-08,
            0.0
        ],
        "coil1": [
            -0.07661284506320953,
            -0.02481985092163086,
            0.024906206876039505
        ],
        "coil2": [
            0.07820301502943039,
            -0.022675663232803345,
            0.017399989068508148
        ],
        "coil3": [
            0.046985507011413574,
            0.10637766122817993,
            0.06758826971054077
        ],
        "coil4": [
            -0.05550505593419075,
            0.0957106351852417,
            0.06898070126771927
        ]
    },
    "AnatomicalLandmarkCoordinateSystem": "ElektaNeuromag",
    "AnatomicalLandmarkCoordinateUnits": "m"
}
