{
    "MEGCoordinateSystem": "ElektaNeuromag",
    "MEGCoordinateUnits": "m",
    "MEGCoordinateSystemDescription": "RAS orientation and the origin between the ears",
    "HeadCoilCoordinates": {
        "NAS": [
            0.0,
            0.09838151931762695,
            -7.450580596923828e-09
        ],
        "LPA": [
            -0.06073380261659622,
            0.0,
            0.0
        ],
        "RPA": [
            0.060626767575740814,
            2.9802322387695312e-08,
            -3.725290298461914e-09
        ],
        "coil1": [
            0.0429043173789978,
            0.0961611270904541,
            0.04440980777144432
        ],
        "coil2": [
            0.06382811814546585,
            -0.020505905151367188,
            -0.008707236498594284
        ],
        "coil3": [
            -0.03354369103908539,
            0.1054874062538147,
            0.04398547112941742
        ],
        "coil4": [
            -0.06426923722028732,
            -0.026372073218226433,
            0.005284738261252642
        ]
    },
    "HeadCoilCoordinateSystem": "ElektaNeuromag",
    "HeadCoilCoordinateUnits": "m",
    "AnatomicalLandmarkCoordinates": {
        "NAS": [
            0.0,
            0.09838151931762695,
            -7.450580596923828e-09
        ],
        "LPA": [
            -0.06073380261659622,
            0.0,
            0.0
        ],
        "RPA": [
            0.060626767575740814,
            2.9802322387695312e-08,
            -3.725290298461914e-09
        ],
        "coil1": [
            0.0429043173789978,
            0.0961611270904541,
            0.04440980777144432
        ],
        "coil2": [
            0.06382811814546585,
            -0.020505905151367188,
            -0.008707236498594284
        ],
        "coil3": [
            -0.03354369103908539,
            0.1054874062538147,
            0.04398547112941742
        ],
        "coil4": [
            -0.06426923722028732,
            -0.026372073218226433,
            0.005284738261252642
        ]
    },
    "AnatomicalLandmarkCoordinateSystem": "ElektaNeuromag",
    "AnatomicalLandmarkCoordinateUnits": "m"
}
