{
    "MEGCoordinateSystem": "ElektaNeuromag",
    "MEGCoordinateUnits": "m",
    "MEGCoordinateSystemDescription": "RAS orientation and the origin between the ears",
    "HeadCoilCoordinates": {
        "NAS": [
            2.7939677238464355e-09,
            0.10119199752807617,
            -7.450580596923828e-09
        ],
        "LPA": [
            -0.06891731917858124,
            0.0,
            -7.450580596923828e-09
        ],
        "RPA": [
            0.06714789569377899,
            0.0,
            -1.4901161193847656e-08
        ],
        "coil1": [
            0.07063886523246765,
            -0.014540404081344604,
            0.033307891339063644
        ],
        "coil2": [
            0.04839306324720383,
            0.10491302609443665,
            0.06870527565479279
        ],
        "coil3": [
            -0.07031950354576111,
            -0.008154869079589844,
            0.034386731684207916
        ],
        "coil4": [
            -0.05684205889701843,
            0.09160935878753662,
            0.07529262453317642
        ]
    },
    "HeadCoilCoordinateSystem": "ElektaNeuromag",
    "HeadCoilCoordinateUnits": "m",
    "AnatomicalLandmarkCoordinates": {
        "NAS": [
            2.7939677238464355e-09,
            0.10119199752807617,
            -7.450580596923828e-09
        ],
        "LPA": [
            -0.06891731917858124,
            0.0,
            -7.450580596923828e-09
        ],
        "RPA": [
            0.06714789569377899,
            0.0,
            -1.4901161193847656e-08
        ],
        "coil1": [
            0.07063886523246765,
            -0.014540404081344604,
            0.033307891339063644
        ],
        "coil2": [
            0.04839306324720383,
            0.10491302609443665,
            0.06870527565479279
        ],
        "coil3": [
            -0.07031950354576111,
            -0.008154869079589844,
            0.034386731684207916
        ],
        "coil4": [
            -0.05684205889701843,
            0.09160935878753662,
            0.07529262453317642
        ]
    },
    "AnatomicalLandmarkCoordinateSystem": "ElektaNeuromag",
    "AnatomicalLandmarkCoordinateUnits": "m"
}
