{
    "MEGCoordinateSystem": "ElektaNeuromag",
    "MEGCoordinateUnits": "m",
    "MEGCoordinateSystemDescription": "RAS orientation and the origin between the ears",
    "HeadCoilCoordinates": {
        "NAS": [
            -7.450580596923828e-09,
            0.08583739399909973,
            9.313225746154785e-09
        ],
        "LPA": [
            -0.06297977268695831,
            0.0,
            7.450580596923828e-09
        ],
        "RPA": [
            0.061545245349407196,
            0.0,
            7.450580596923828e-09
        ],
        "coil1": [
            0.05386868864297867,
            0.0856141746044159,
            0.051899202167987823
        ],
        "coil2": [
            0.06719741970300674,
            -0.01904207468032837,
            0.025409851223230362
        ],
        "coil3": [
            -0.06774969398975372,
            -0.023337841033935547,
            0.02779514342546463
        ],
        "coil4": [
            -0.04155760258436203,
            0.09605837613344193,
            0.056525617837905884
        ]
    },
    "HeadCoilCoordinateSystem": "ElektaNeuromag",
    "HeadCoilCoordinateUnits": "m",
    "AnatomicalLandmarkCoordinates": {
        "NAS": [
            -7.450580596923828e-09,
            0.08583739399909973,
            9.313225746154785e-09
        ],
        "LPA": [
            -0.06297977268695831,
            0.0,
            7.450580596923828e-09
        ],
        "RPA": [
            0.061545245349407196,
            0.0,
            7.450580596923828e-09
        ],
        "coil1": [
            0.05386868864297867,
            0.0856141746044159,
            0.051899202167987823
        ],
        "coil2": [
            0.06719741970300674,
            -0.01904207468032837,
            0.025409851223230362
        ],
        "coil3": [
            -0.06774969398975372,
            -0.023337841033935547,
            0.02779514342546463
        ],
        "coil4": [
            -0.04155760258436203,
            0.09605837613344193,
            0.056525617837905884
        ]
    },
    "AnatomicalLandmarkCoordinateSystem": "ElektaNeuromag",
    "AnatomicalLandmarkCoordinateUnits": "m"
}
