{
    "MEGCoordinateSystem": "ElektaNeuromag",
    "MEGCoordinateUnits": "m",
    "MEGCoordinateSystemDescription": "RAS orientation and the origin between the ears",
    "HeadCoilCoordinates": {
        "NAS": [
            -9.313225746154785e-09,
            0.09065631031990051,
            -7.450580596923828e-09
        ],
        "LPA": [
            -0.07400235533714294,
            -1.4901161193847656e-08,
            -1.4901161193847656e-08
        ],
        "RPA": [
            0.0698913186788559,
            -2.9802322387695312e-08,
            -1.4901161193847656e-08
        ],
        "coil1": [
            -0.07114829123020172,
            -0.02973613142967224,
            0.002383135026320815
        ],
        "coil2": [
            -0.05273010954260826,
            0.07872769236564636,
            0.05794430524110794
        ],
        "coil3": [
            0.06663413345813751,
            -0.02804940938949585,
            -0.00170943106058985
        ],
        "coil4": [
            0.050782062113285065,
            0.07034070789813995,
            0.0758947804570198
        ]
    },
    "HeadCoilCoordinateSystem": "ElektaNeuromag",
    "HeadCoilCoordinateUnits": "m",
    "AnatomicalLandmarkCoordinates": {
        "NAS": [
            -9.313225746154785e-09,
            0.09065631031990051,
            -7.450580596923828e-09
        ],
        "LPA": [
            -0.07400235533714294,
            -1.4901161193847656e-08,
            -1.4901161193847656e-08
        ],
        "RPA": [
            0.0698913186788559,
            -2.9802322387695312e-08,
            -1.4901161193847656e-08
        ],
        "coil1": [
            -0.07114829123020172,
            -0.02973613142967224,
            0.002383135026320815
        ],
        "coil2": [
            -0.05273010954260826,
            0.07872769236564636,
            0.05794430524110794
        ],
        "coil3": [
            0.06663413345813751,
            -0.02804940938949585,
            -0.00170943106058985
        ],
        "coil4": [
            0.050782062113285065,
            0.07034070789813995,
            0.0758947804570198
        ]
    },
    "AnatomicalLandmarkCoordinateSystem": "ElektaNeuromag",
    "AnatomicalLandmarkCoordinateUnits": "m"
}
