{
    "MEGCoordinateSystem": "ElektaNeuromag",
    "MEGCoordinateUnits": "m",
    "MEGCoordinateSystemDescription": "RAS orientation and the origin between the ears",
    "HeadCoilCoordinates": {
        "NAS": [
            3.725290298461914e-09,
            0.0962851345539093,
            -7.450580596923828e-09
        ],
        "LPA": [
            -0.07214738428592682,
            0.0,
            0.0
        ],
        "RPA": [
            0.06756176054477692,
            2.9802322387695312e-08,
            0.0
        ],
        "coil1": [
            -0.06966952979564667,
            -0.02503308653831482,
            0.012387719005346298
        ],
        "coil2": [
            -0.0487244576215744,
            0.08338502049446106,
            0.06799893081188202
        ],
        "coil3": [
            0.06695634126663208,
            -0.02781936526298523,
            0.015192699618637562
        ],
        "coil4": [
            0.05244017392396927,
            0.07466953992843628,
            0.07214687764644623
        ]
    },
    "HeadCoilCoordinateSystem": "ElektaNeuromag",
    "HeadCoilCoordinateUnits": "m",
    "AnatomicalLandmarkCoordinates": {
        "NAS": [
            3.725290298461914e-09,
            0.0962851345539093,
            -7.450580596923828e-09
        ],
        "LPA": [
            -0.07214738428592682,
            0.0,
            0.0
        ],
        "RPA": [
            0.06756176054477692,
            2.9802322387695312e-08,
            0.0
        ],
        "coil1": [
            -0.06966952979564667,
            -0.02503308653831482,
            0.012387719005346298
        ],
        "coil2": [
            -0.0487244576215744,
            0.08338502049446106,
            0.06799893081188202
        ],
        "coil3": [
            0.06695634126663208,
            -0.02781936526298523,
            0.015192699618637562
        ],
        "coil4": [
            0.05244017392396927,
            0.07466953992843628,
            0.07214687764644623
        ]
    },
    "AnatomicalLandmarkCoordinateSystem": "ElektaNeuromag",
    "AnatomicalLandmarkCoordinateUnits": "m"
}
