{
    "MEGCoordinateSystem": "ElektaNeuromag",
    "MEGCoordinateUnits": "m",
    "MEGCoordinateSystemDescription": "RAS orientation and the origin between the ears",
    "HeadCoilCoordinates": {
        "NAS": [
            -1.0244548320770264e-08,
            0.09615319967269897,
            0.0
        ],
        "LPA": [
            -0.06928551197052002,
            1.4901161193847656e-08,
            0.0
        ],
        "RPA": [
            0.06911980360746384,
            -1.4901161193847656e-08,
            3.725290298461914e-09
        ],
        "coil1": [
            0.04970332980155945,
            0.07105925679206848,
            0.053518425673246384
        ],
        "coil2": [
            0.06436081975698471,
            -0.02948630042374134,
            -0.003768448019400239
        ],
        "coil3": [
            -0.06506716459989548,
            -0.030720815062522888,
            -0.004223403055220842
        ],
        "coil4": [
            -0.05261072516441345,
            0.06964416801929474,
            0.048797607421875
        ]
    },
    "HeadCoilCoordinateSystem": "ElektaNeuromag",
    "HeadCoilCoordinateUnits": "m",
    "AnatomicalLandmarkCoordinates": {
        "NAS": [
            -1.0244548320770264e-08,
            0.09615319967269897,
            0.0
        ],
        "LPA": [
            -0.06928551197052002,
            1.4901161193847656e-08,
            0.0
        ],
        "RPA": [
            0.06911980360746384,
            -1.4901161193847656e-08,
            3.725290298461914e-09
        ],
        "coil1": [
            0.04970332980155945,
            0.07105925679206848,
            0.053518425673246384
        ],
        "coil2": [
            0.06436081975698471,
            -0.02948630042374134,
            -0.003768448019400239
        ],
        "coil3": [
            -0.06506716459989548,
            -0.030720815062522888,
            -0.004223403055220842
        ],
        "coil4": [
            -0.05261072516441345,
            0.06964416801929474,
            0.048797607421875
        ]
    },
    "AnatomicalLandmarkCoordinateSystem": "ElektaNeuromag",
    "AnatomicalLandmarkCoordinateUnits": "m"
}
