{
    "MEGCoordinateSystem": "ElektaNeuromag",
    "MEGCoordinateUnits": "m",
    "MEGCoordinateSystemDescription": "RAS orientation and the origin between the ears",
    "HeadCoilCoordinates": {
        "NAS": [
            5.122274160385132e-09,
            0.0934000313282013,
            0.0
        ],
        "LPA": [
            -0.06396723538637161,
            2.9802322387695312e-08,
            1.4901161193847656e-08
        ],
        "RPA": [
            0.07185769826173782,
            0.0,
            1.4901161193847656e-08
        ],
        "coil1": [
            0.047479141503572464,
            0.08565986156463623,
            0.06711502373218536
        ],
        "coil2": [
            0.07398270070552826,
            -0.024903269484639168,
            0.012941781431436539
        ],
        "coil3": [
            -0.0424642339348793,
            0.08709472417831421,
            0.06295625865459442
        ],
        "coil4": [
            -0.06576968729496002,
            -0.019963620230555534,
            0.01983422413468361
        ]
    },
    "HeadCoilCoordinateSystem": "ElektaNeuromag",
    "HeadCoilCoordinateUnits": "m",
    "AnatomicalLandmarkCoordinates": {
        "NAS": [
            5.122274160385132e-09,
            0.0934000313282013,
            0.0
        ],
        "LPA": [
            -0.06396723538637161,
            2.9802322387695312e-08,
            1.4901161193847656e-08
        ],
        "RPA": [
            0.07185769826173782,
            0.0,
            1.4901161193847656e-08
        ],
        "coil1": [
            0.047479141503572464,
            0.08565986156463623,
            0.06711502373218536
        ],
        "coil2": [
            0.07398270070552826,
            -0.024903269484639168,
            0.012941781431436539
        ],
        "coil3": [
            -0.0424642339348793,
            0.08709472417831421,
            0.06295625865459442
        ],
        "coil4": [
            -0.06576968729496002,
            -0.019963620230555534,
            0.01983422413468361
        ]
    },
    "AnatomicalLandmarkCoordinateSystem": "ElektaNeuromag",
    "AnatomicalLandmarkCoordinateUnits": "m"
}
