{
    "MEGCoordinateSystem": "ElektaNeuromag",
    "MEGCoordinateUnits": "m",
    "MEGCoordinateSystemDescription": "RAS orientation and the origin between the ears",
    "HeadCoilCoordinates": {
        "NAS": [
            -3.725290298461914e-09,
            0.08701258897781372,
            -7.450580596923828e-09
        ],
        "LPA": [
            -0.0694684162735939,
            1.4901161193847656e-08,
            -5.587935447692871e-09
        ],
        "RPA": [
            0.0682733878493309,
            0.0,
            0.0
        ],
        "coil1": [
            0.06784932315349579,
            -0.025608226656913757,
            -0.0073450542986392975
        ],
        "coil2": [
            0.055403389036655426,
            0.07037588953971863,
            0.07060028612613678
        ],
        "coil3": [
            -0.06879810988903046,
            -0.0340193510055542,
            0.005512333009392023
        ],
        "coil4": [
            -0.04652594029903412,
            0.07558628916740417,
            0.06828926503658295
        ]
    },
    "HeadCoilCoordinateSystem": "ElektaNeuromag",
    "HeadCoilCoordinateUnits": "m",
    "AnatomicalLandmarkCoordinates": {
        "NAS": [
            -3.725290298461914e-09,
            0.08701258897781372,
            -7.450580596923828e-09
        ],
        "LPA": [
            -0.0694684162735939,
            1.4901161193847656e-08,
            -5.587935447692871e-09
        ],
        "RPA": [
            0.0682733878493309,
            0.0,
            0.0
        ],
        "coil1": [
            0.06784932315349579,
            -0.025608226656913757,
            -0.0073450542986392975
        ],
        "coil2": [
            0.055403389036655426,
            0.07037588953971863,
            0.07060028612613678
        ],
        "coil3": [
            -0.06879810988903046,
            -0.0340193510055542,
            0.005512333009392023
        ],
        "coil4": [
            -0.04652594029903412,
            0.07558628916740417,
            0.06828926503658295
        ]
    },
    "AnatomicalLandmarkCoordinateSystem": "ElektaNeuromag",
    "AnatomicalLandmarkCoordinateUnits": "m"
}
