{
    "MEGCoordinateSystem": "ElektaNeuromag",
    "MEGCoordinateUnits": "m",
    "MEGCoordinateSystemDescription": "RAS orientation and the origin between the ears",
    "HeadCoilCoordinates": {
        "NAS": [
            5.587935447692871e-09,
            0.10014712810516357,
            0.0
        ],
        "LPA": [
            -0.06685668975114822,
            0.0,
            3.725290298461914e-09
        ],
        "RPA": [
            0.06814127415418625,
            2.9802322387695312e-08,
            3.725290298461914e-09
        ],
        "coil1": [
            0.0738515555858612,
            -0.026075303554534912,
            -0.0005302089848555624
        ],
        "coil2": [
            0.047745995223522186,
            0.0781393051147461,
            0.06173476204276085
        ],
        "coil3": [
            -0.04603145271539688,
            0.07521447539329529,
            0.06462385505437851
        ],
        "coil4": [
            -0.07198489457368851,
            -0.01792582869529724,
            0.017842646688222885
        ]
    },
    "HeadCoilCoordinateSystem": "ElektaNeuromag",
    "HeadCoilCoordinateUnits": "m",
    "AnatomicalLandmarkCoordinates": {
        "NAS": [
            5.587935447692871e-09,
            0.10014712810516357,
            0.0
        ],
        "LPA": [
            -0.06685668975114822,
            0.0,
            3.725290298461914e-09
        ],
        "RPA": [
            0.06814127415418625,
            2.9802322387695312e-08,
            3.725290298461914e-09
        ],
        "coil1": [
            0.0738515555858612,
            -0.026075303554534912,
            -0.0005302089848555624
        ],
        "coil2": [
            0.047745995223522186,
            0.0781393051147461,
            0.06173476204276085
        ],
        "coil3": [
            -0.04603145271539688,
            0.07521447539329529,
            0.06462385505437851
        ],
        "coil4": [
            -0.07198489457368851,
            -0.01792582869529724,
            0.017842646688222885
        ]
    },
    "AnatomicalLandmarkCoordinateSystem": "ElektaNeuromag",
    "AnatomicalLandmarkCoordinateUnits": "m"
}
