{
    "MEGCoordinateSystem": "ElektaNeuromag",
    "MEGCoordinateUnits": "m",
    "MEGCoordinateSystemDescription": "RAS orientation and the origin between the ears",
    "HeadCoilCoordinates": {
        "NAS": [
            6.984919309616089e-09,
            0.09630095958709717,
            0.0
        ],
        "LPA": [
            -0.06630855798721313,
            0.0,
            -1.4901161193847656e-08
        ],
        "RPA": [
            0.06948422640562057,
            0.0,
            -1.4901161193847656e-08
        ],
        "coil1": [
            -0.023712359368801117,
            0.10472026467323303,
            0.04053935036063194
        ],
        "coil2": [
            0.05174209922552109,
            0.080992192029953,
            0.05578623712062836
        ],
        "coil3": [
            -0.06602068990468979,
            -0.02249458245933056,
            0.010685689747333527
        ],
        "coil4": [
            0.06918647140264511,
            -0.02874159812927246,
            0.0038818272296339273
        ]
    },
    "HeadCoilCoordinateSystem": "ElektaNeuromag",
    "HeadCoilCoordinateUnits": "m",
    "AnatomicalLandmarkCoordinates": {
        "NAS": [
            6.984919309616089e-09,
            0.09630095958709717,
            0.0
        ],
        "LPA": [
            -0.06630855798721313,
            0.0,
            -1.4901161193847656e-08
        ],
        "RPA": [
            0.06948422640562057,
            0.0,
            -1.4901161193847656e-08
        ],
        "coil1": [
            -0.023712359368801117,
            0.10472026467323303,
            0.04053935036063194
        ],
        "coil2": [
            0.05174209922552109,
            0.080992192029953,
            0.05578623712062836
        ],
        "coil3": [
            -0.06602068990468979,
            -0.02249458245933056,
            0.010685689747333527
        ],
        "coil4": [
            0.06918647140264511,
            -0.02874159812927246,
            0.0038818272296339273
        ]
    },
    "AnatomicalLandmarkCoordinateSystem": "ElektaNeuromag",
    "AnatomicalLandmarkCoordinateUnits": "m"
}
