{
    "MEGCoordinateSystem": "ElektaNeuromag",
    "MEGCoordinateUnits": "m",
    "MEGCoordinateSystemDescription": "RAS orientation and the origin between the ears",
    "HeadCoilCoordinates": {
        "NAS": [
            0.0,
            0.10237890481948853,
            -1.4901161193847656e-08
        ],
        "LPA": [
            -0.06835231930017471,
            0.0,
            -1.862645149230957e-08
        ],
        "RPA": [
            0.0655471459031105,
            0.0,
            -1.862645149230957e-08
        ],
        "coil1": [
            -0.07135564088821411,
            -0.01904696226119995,
            0.013616299256682396
        ],
        "coil2": [
            -0.04731733351945877,
            0.09483689069747925,
            0.042590316385030746
        ],
        "coil3": [
            0.06833426654338837,
            -0.023957818746566772,
            0.010229412466287613
        ],
        "coil4": [
            0.04964799806475639,
            0.09100332856178284,
            0.04081704095005989
        ]
    },
    "HeadCoilCoordinateSystem": "ElektaNeuromag",
    "HeadCoilCoordinateUnits": "m",
    "AnatomicalLandmarkCoordinates": {
        "NAS": [
            0.0,
            0.10237890481948853,
            -1.4901161193847656e-08
        ],
        "LPA": [
            -0.06835231930017471,
            0.0,
            -1.862645149230957e-08
        ],
        "RPA": [
            0.0655471459031105,
            0.0,
            -1.862645149230957e-08
        ],
        "coil1": [
            -0.07135564088821411,
            -0.01904696226119995,
            0.013616299256682396
        ],
        "coil2": [
            -0.04731733351945877,
            0.09483689069747925,
            0.042590316385030746
        ],
        "coil3": [
            0.06833426654338837,
            -0.023957818746566772,
            0.010229412466287613
        ],
        "coil4": [
            0.04964799806475639,
            0.09100332856178284,
            0.04081704095005989
        ]
    },
    "AnatomicalLandmarkCoordinateSystem": "ElektaNeuromag",
    "AnatomicalLandmarkCoordinateUnits": "m"
}
