{
    "MEGCoordinateSystem": "ElektaNeuromag",
    "MEGCoordinateUnits": "m",
    "MEGCoordinateSystemDescription": "RAS orientation and the origin between the ears",
    "HeadCoilCoordinates": {
        "NAS": [
            -6.51925802230835e-09,
            0.09445956349372864,
            7.450580596923828e-09
        ],
        "LPA": [
            -0.06209949776530266,
            2.9802322387695312e-08,
            1.4901161193847656e-08
        ],
        "RPA": [
            0.06831406056880951,
            0.0,
            7.450580596923828e-09
        ],
        "coil1": [
            -0.04419754818081856,
            0.08526977896690369,
            0.06543248891830444
        ],
        "coil2": [
            0.05025534704327583,
            0.09002485871315002,
            0.04911305755376816
        ],
        "coil3": [
            -0.06707653403282166,
            -0.03157249093055725,
            0.00775939179584384
        ],
        "coil4": [
            0.07351592183113098,
            -0.03244525194168091,
            0.00519770011305809
        ]
    },
    "HeadCoilCoordinateSystem": "ElektaNeuromag",
    "HeadCoilCoordinateUnits": "m",
    "AnatomicalLandmarkCoordinates": {
        "NAS": [
            -6.51925802230835e-09,
            0.09445956349372864,
            7.450580596923828e-09
        ],
        "LPA": [
            -0.06209949776530266,
            2.9802322387695312e-08,
            1.4901161193847656e-08
        ],
        "RPA": [
            0.06831406056880951,
            0.0,
            7.450580596923828e-09
        ],
        "coil1": [
            -0.04419754818081856,
            0.08526977896690369,
            0.06543248891830444
        ],
        "coil2": [
            0.05025534704327583,
            0.09002485871315002,
            0.04911305755376816
        ],
        "coil3": [
            -0.06707653403282166,
            -0.03157249093055725,
            0.00775939179584384
        ],
        "coil4": [
            0.07351592183113098,
            -0.03244525194168091,
            0.00519770011305809
        ]
    },
    "AnatomicalLandmarkCoordinateSystem": "ElektaNeuromag",
    "AnatomicalLandmarkCoordinateUnits": "m"
}
