{
    "MEGCoordinateSystem": "ElektaNeuromag",
    "MEGCoordinateUnits": "m",
    "MEGCoordinateSystemDescription": "RAS orientation and the origin between the ears",
    "HeadCoilCoordinates": {
        "NAS": [
            7.450580596923828e-09,
            0.08901523053646088,
            1.4901161193847656e-08
        ],
        "LPA": [
            -0.06257451325654984,
            1.4901161193847656e-08,
            7.450580596923828e-09
        ],
        "RPA": [
            0.06549488008022308,
            1.4901161193847656e-08,
            1.4901161193847656e-08
        ],
        "coil1": [
            0.022593684494495392,
            0.09555479884147644,
            0.04053209722042084
        ],
        "coil2": [
            0.07155543565750122,
            -0.015092193149030209,
            0.012523338198661804
        ],
        "coil3": [
            -0.02400202862918377,
            0.09616614133119583,
            0.04759698361158371
        ],
        "coil4": [
            -0.06573285162448883,
            -0.014923126436769962,
            0.007951386272907257
        ]
    },
    "HeadCoilCoordinateSystem": "ElektaNeuromag",
    "HeadCoilCoordinateUnits": "m",
    "AnatomicalLandmarkCoordinates": {
        "NAS": [
            7.450580596923828e-09,
            0.08901523053646088,
            1.4901161193847656e-08
        ],
        "LPA": [
            -0.06257451325654984,
            1.4901161193847656e-08,
            7.450580596923828e-09
        ],
        "RPA": [
            0.06549488008022308,
            1.4901161193847656e-08,
            1.4901161193847656e-08
        ],
        "coil1": [
            0.022593684494495392,
            0.09555479884147644,
            0.04053209722042084
        ],
        "coil2": [
            0.07155543565750122,
            -0.015092193149030209,
            0.012523338198661804
        ],
        "coil3": [
            -0.02400202862918377,
            0.09616614133119583,
            0.04759698361158371
        ],
        "coil4": [
            -0.06573285162448883,
            -0.014923126436769962,
            0.007951386272907257
        ]
    },
    "AnatomicalLandmarkCoordinateSystem": "ElektaNeuromag",
    "AnatomicalLandmarkCoordinateUnits": "m"
}
