{
    "MEGCoordinateSystem": "ElektaNeuromag",
    "MEGCoordinateUnits": "m",
    "MEGCoordinateSystemDescription": "RAS orientation and the origin between the ears",
    "HeadCoilCoordinates": {
        "NAS": [
            9.313225746154785e-09,
            0.09930279850959778,
            0.0
        ],
        "LPA": [
            -0.07093525677919388,
            0.0,
            -2.9802322387695312e-08
        ],
        "RPA": [
            0.07068872451782227,
            0.0,
            -2.9802322387695312e-08
        ],
        "coil1": [
            0.07005830854177475,
            -0.02670377492904663,
            -0.005182012915611267
        ],
        "coil2": [
            0.04375946521759033,
            0.0866718590259552,
            0.06693830341100693
        ],
        "coil3": [
            -0.0701337456703186,
            -0.029742419719696045,
            0.003477334976196289
        ],
        "coil4": [
            -0.05319727957248688,
            0.0778459906578064,
            0.061993807554244995
        ]
    },
    "HeadCoilCoordinateSystem": "ElektaNeuromag",
    "HeadCoilCoordinateUnits": "m",
    "AnatomicalLandmarkCoordinates": {
        "NAS": [
            9.313225746154785e-09,
            0.09930279850959778,
            0.0
        ],
        "LPA": [
            -0.07093525677919388,
            0.0,
            -2.9802322387695312e-08
        ],
        "RPA": [
            0.07068872451782227,
            0.0,
            -2.9802322387695312e-08
        ],
        "coil1": [
            0.07005830854177475,
            -0.02670377492904663,
            -0.005182012915611267
        ],
        "coil2": [
            0.04375946521759033,
            0.0866718590259552,
            0.06693830341100693
        ],
        "coil3": [
            -0.0701337456703186,
            -0.029742419719696045,
            0.003477334976196289
        ],
        "coil4": [
            -0.05319727957248688,
            0.0778459906578064,
            0.061993807554244995
        ]
    },
    "AnatomicalLandmarkCoordinateSystem": "ElektaNeuromag",
    "AnatomicalLandmarkCoordinateUnits": "m"
}
