{
    "MEGCoordinateSystem": "ElektaNeuromag",
    "MEGCoordinateUnits": "m",
    "MEGCoordinateSystemDescription": "RAS orientation and the origin between the ears",
    "HeadCoilCoordinates": {
        "NAS": [
            -3.259629011154175e-09,
            0.09557262063026428,
            0.0
        ],
        "LPA": [
            -0.07098830491304398,
            2.9802322387695312e-08,
            -7.450580596923828e-09
        ],
        "RPA": [
            0.06942451000213623,
            2.9802322387695312e-08,
            0.0
        ],
        "coil1": [
            -0.03472137823700905,
            0.09185045957565308,
            0.06104828044772148
        ],
        "coil2": [
            0.032361239194869995,
            0.09084421396255493,
            0.051849715411663055
        ],
        "coil3": [
            0.07418161630630493,
            -0.012270153500139713,
            0.01256785448640585
        ],
        "coil4": [
            -0.07042264193296432,
            -0.02914029359817505,
            0.0073625328950583935
        ]
    },
    "HeadCoilCoordinateSystem": "ElektaNeuromag",
    "HeadCoilCoordinateUnits": "m",
    "AnatomicalLandmarkCoordinates": {
        "NAS": [
            -3.259629011154175e-09,
            0.09557262063026428,
            0.0
        ],
        "LPA": [
            -0.07098830491304398,
            2.9802322387695312e-08,
            -7.450580596923828e-09
        ],
        "RPA": [
            0.06942451000213623,
            2.9802322387695312e-08,
            0.0
        ],
        "coil1": [
            -0.03472137823700905,
            0.09185045957565308,
            0.06104828044772148
        ],
        "coil2": [
            0.032361239194869995,
            0.09084421396255493,
            0.051849715411663055
        ],
        "coil3": [
            0.07418161630630493,
            -0.012270153500139713,
            0.01256785448640585
        ],
        "coil4": [
            -0.07042264193296432,
            -0.02914029359817505,
            0.0073625328950583935
        ]
    },
    "AnatomicalLandmarkCoordinateSystem": "ElektaNeuromag",
    "AnatomicalLandmarkCoordinateUnits": "m"
}
