{
    "MEGCoordinateSystem": "ElektaNeuromag",
    "MEGCoordinateUnits": "m",
    "MEGCoordinateSystemDescription": "RAS orientation and the origin between the ears",
    "HeadCoilCoordinates": {
        "NAS": [
            -4.6566128730773926e-09,
            0.09532132744789124,
            7.450580596923828e-09
        ],
        "LPA": [
            -0.06810116022825241,
            2.9802322387695312e-08,
            7.450580596923828e-09
        ],
        "RPA": [
            0.07080527395009995,
            0.0,
            0.0
        ],
        "coil1": [
            -0.04455360770225525,
            0.09214833378791809,
            0.046746961772441864
        ],
        "coil2": [
            -0.07119403779506683,
            -0.027247488498687744,
            0.012019515037536621
        ],
        "coil3": [
            0.04888593405485153,
            0.08067378401756287,
            0.07300394028425217
        ],
        "coil4": [
            0.07409382611513138,
            -0.033374667167663574,
            0.008226551115512848
        ]
    },
    "HeadCoilCoordinateSystem": "ElektaNeuromag",
    "HeadCoilCoordinateUnits": "m",
    "AnatomicalLandmarkCoordinates": {
        "NAS": [
            -4.6566128730773926e-09,
            0.09532132744789124,
            7.450580596923828e-09
        ],
        "LPA": [
            -0.06810116022825241,
            2.9802322387695312e-08,
            7.450580596923828e-09
        ],
        "RPA": [
            0.07080527395009995,
            0.0,
            0.0
        ],
        "coil1": [
            -0.04455360770225525,
            0.09214833378791809,
            0.046746961772441864
        ],
        "coil2": [
            -0.07119403779506683,
            -0.027247488498687744,
            0.012019515037536621
        ],
        "coil3": [
            0.04888593405485153,
            0.08067378401756287,
            0.07300394028425217
        ],
        "coil4": [
            0.07409382611513138,
            -0.033374667167663574,
            0.008226551115512848
        ]
    },
    "AnatomicalLandmarkCoordinateSystem": "ElektaNeuromag",
    "AnatomicalLandmarkCoordinateUnits": "m"
}
