{
    "MEGCoordinateSystem": "ElektaNeuromag",
    "MEGCoordinateUnits": "m",
    "MEGCoordinateSystemDescription": "RAS orientation and the origin between the ears",
    "HeadCoilCoordinates": {
        "NAS": [
            0.0,
            0.09421473741531372,
            1.4901161193847656e-08
        ],
        "LPA": [
            -0.06936340034008026,
            -2.9802322387695312e-08,
            0.0
        ],
        "RPA": [
            0.06740542501211166,
            -2.9802322387695312e-08,
            7.450580596923828e-09
        ],
        "coil1": [
            -0.0703553780913353,
            -0.026993662118911743,
            0.011606547981500626
        ],
        "coil2": [
            -0.049176957458257675,
            0.08407267928123474,
            0.057360995560884476
        ],
        "coil3": [
            0.06538627296686172,
            -0.02877730131149292,
            0.003917373716831207
        ],
        "coil4": [
            0.04808726906776428,
            0.08466890454292297,
            0.06206338852643967
        ]
    },
    "HeadCoilCoordinateSystem": "ElektaNeuromag",
    "HeadCoilCoordinateUnits": "m",
    "AnatomicalLandmarkCoordinates": {
        "NAS": [
            0.0,
            0.09421473741531372,
            1.4901161193847656e-08
        ],
        "LPA": [
            -0.06936340034008026,
            -2.9802322387695312e-08,
            0.0
        ],
        "RPA": [
            0.06740542501211166,
            -2.9802322387695312e-08,
            7.450580596923828e-09
        ],
        "coil1": [
            -0.0703553780913353,
            -0.026993662118911743,
            0.011606547981500626
        ],
        "coil2": [
            -0.049176957458257675,
            0.08407267928123474,
            0.057360995560884476
        ],
        "coil3": [
            0.06538627296686172,
            -0.02877730131149292,
            0.003917373716831207
        ],
        "coil4": [
            0.04808726906776428,
            0.08466890454292297,
            0.06206338852643967
        ]
    },
    "AnatomicalLandmarkCoordinateSystem": "ElektaNeuromag",
    "AnatomicalLandmarkCoordinateUnits": "m"
}
