{
    "MEGCoordinateSystem": "ElektaNeuromag",
    "MEGCoordinateUnits": "m",
    "MEGCoordinateSystemDescription": "RAS orientation and the origin between the ears",
    "HeadCoilCoordinates": {
        "NAS": [
            2.561137080192566e-09,
            0.08641457557678223,
            0.0
        ],
        "LPA": [
            -0.06770315766334534,
            0.0,
            7.450580596923828e-09
        ],
        "RPA": [
            0.06506281346082687,
            2.9802322387695312e-08,
            3.725290298461914e-09
        ],
        "coil1": [
            -0.046507108956575394,
            0.08166205883026123,
            0.045230649411678314
        ],
        "coil2": [
            -0.07093819230794907,
            -0.023230284452438354,
            0.01188704650849104
        ],
        "coil3": [
            0.05103733390569687,
            0.07547950744628906,
            0.05265120789408684
        ],
        "coil4": [
            0.06860079616308212,
            -0.021746663376688957,
            0.013941444456577301
        ]
    },
    "HeadCoilCoordinateSystem": "ElektaNeuromag",
    "HeadCoilCoordinateUnits": "m",
    "AnatomicalLandmarkCoordinates": {
        "NAS": [
            2.561137080192566e-09,
            0.08641457557678223,
            0.0
        ],
        "LPA": [
            -0.06770315766334534,
            0.0,
            7.450580596923828e-09
        ],
        "RPA": [
            0.06506281346082687,
            2.9802322387695312e-08,
            3.725290298461914e-09
        ],
        "coil1": [
            -0.046507108956575394,
            0.08166205883026123,
            0.045230649411678314
        ],
        "coil2": [
            -0.07093819230794907,
            -0.023230284452438354,
            0.01188704650849104
        ],
        "coil3": [
            0.05103733390569687,
            0.07547950744628906,
            0.05265120789408684
        ],
        "coil4": [
            0.06860079616308212,
            -0.021746663376688957,
            0.013941444456577301
        ]
    },
    "AnatomicalLandmarkCoordinateSystem": "ElektaNeuromag",
    "AnatomicalLandmarkCoordinateUnits": "m"
}
