{
    "MEGCoordinateSystem": "ElektaNeuromag",
    "MEGCoordinateUnits": "m",
    "MEGCoordinateSystemDescription": "RAS orientation and the origin between the ears",
    "HeadCoilCoordinates": {
        "NAS": [
            -1.1175870895385742e-08,
            0.09886357188224792,
            0.0
        ],
        "LPA": [
            -0.07211706787347794,
            0.0,
            5.587935447692871e-09
        ],
        "RPA": [
            0.06917398422956467,
            0.0,
            1.862645149230957e-09
        ],
        "coil1": [
            -0.07258620858192444,
            -0.020261496305465698,
            0.031248202547430992
        ],
        "coil2": [
            -0.04934879019856453,
            0.09141948819160461,
            0.06649136543273926
        ],
        "coil3": [
            0.0705525204539299,
            -0.030486466363072395,
            0.01811501942574978
        ],
        "coil4": [
            0.0584651455283165,
            0.08814474940299988,
            0.06378109753131866
        ]
    },
    "HeadCoilCoordinateSystem": "ElektaNeuromag",
    "HeadCoilCoordinateUnits": "m",
    "AnatomicalLandmarkCoordinates": {
        "NAS": [
            -1.1175870895385742e-08,
            0.09886357188224792,
            0.0
        ],
        "LPA": [
            -0.07211706787347794,
            0.0,
            5.587935447692871e-09
        ],
        "RPA": [
            0.06917398422956467,
            0.0,
            1.862645149230957e-09
        ],
        "coil1": [
            -0.07258620858192444,
            -0.020261496305465698,
            0.031248202547430992
        ],
        "coil2": [
            -0.04934879019856453,
            0.09141948819160461,
            0.06649136543273926
        ],
        "coil3": [
            0.0705525204539299,
            -0.030486466363072395,
            0.01811501942574978
        ],
        "coil4": [
            0.0584651455283165,
            0.08814474940299988,
            0.06378109753131866
        ]
    },
    "AnatomicalLandmarkCoordinateSystem": "ElektaNeuromag",
    "AnatomicalLandmarkCoordinateUnits": "m"
}
