{
    "MEGCoordinateSystem": "ElektaNeuromag",
    "MEGCoordinateUnits": "m",
    "MEGCoordinateSystemDescription": "RAS orientation and the origin between the ears",
    "HeadCoilCoordinates": {
        "NAS": [
            7.450580596923828e-09,
            0.09272119402885437,
            0.0
        ],
        "LPA": [
            -0.06941479444503784,
            0.0,
            3.725290298461914e-09
        ],
        "RPA": [
            0.06825298815965652,
            2.9802322387695312e-08,
            3.725290298461914e-09
        ],
        "coil1": [
            -0.06549853831529617,
            -0.029621630907058716,
            0.004779413342475891
        ],
        "coil2": [
            -0.03689795732498169,
            0.08347713947296143,
            0.0632706806063652
        ],
        "coil3": [
            0.06468109786510468,
            -0.02768780291080475,
            -0.005528487265110016
        ],
        "coil4": [
            0.042901717126369476,
            0.08294814825057983,
            0.05349334329366684
        ]
    },
    "HeadCoilCoordinateSystem": "ElektaNeuromag",
    "HeadCoilCoordinateUnits": "m",
    "AnatomicalLandmarkCoordinates": {
        "NAS": [
            7.450580596923828e-09,
            0.09272119402885437,
            0.0
        ],
        "LPA": [
            -0.06941479444503784,
            0.0,
            3.725290298461914e-09
        ],
        "RPA": [
            0.06825298815965652,
            2.9802322387695312e-08,
            3.725290298461914e-09
        ],
        "coil1": [
            -0.06549853831529617,
            -0.029621630907058716,
            0.004779413342475891
        ],
        "coil2": [
            -0.03689795732498169,
            0.08347713947296143,
            0.0632706806063652
        ],
        "coil3": [
            0.06468109786510468,
            -0.02768780291080475,
            -0.005528487265110016
        ],
        "coil4": [
            0.042901717126369476,
            0.08294814825057983,
            0.05349334329366684
        ]
    },
    "AnatomicalLandmarkCoordinateSystem": "ElektaNeuromag",
    "AnatomicalLandmarkCoordinateUnits": "m"
}
