{
    "MEGCoordinateSystem": "ElektaNeuromag",
    "MEGCoordinateUnits": "m",
    "MEGCoordinateSystemDescription": "RAS orientation and the origin between the ears",
    "HeadCoilCoordinates": {
        "NAS": [
            -9.313225746154785e-09,
            0.09469176828861237,
            0.0
        ],
        "LPA": [
            -0.06721261888742447,
            0.0,
            0.0
        ],
        "RPA": [
            0.06433666497468948,
            0.0,
            -7.450580596923828e-09
        ],
        "coil1": [
            0.06581539660692215,
            -0.011562436819076538,
            0.014897480607032776
        ],
        "coil2": [
            0.0353262722492218,
            0.09062184393405914,
            0.05848276987671852
        ],
        "coil3": [
            -0.06887638568878174,
            -0.01750941574573517,
            0.010757834650576115
        ],
        "coil4": [
            -0.043185167014598846,
            0.08727328479290009,
            0.055926524102687836
        ]
    },
    "HeadCoilCoordinateSystem": "ElektaNeuromag",
    "HeadCoilCoordinateUnits": "m",
    "AnatomicalLandmarkCoordinates": {
        "NAS": [
            -9.313225746154785e-09,
            0.09469176828861237,
            0.0
        ],
        "LPA": [
            -0.06721261888742447,
            0.0,
            0.0
        ],
        "RPA": [
            0.06433666497468948,
            0.0,
            -7.450580596923828e-09
        ],
        "coil1": [
            0.06581539660692215,
            -0.011562436819076538,
            0.014897480607032776
        ],
        "coil2": [
            0.0353262722492218,
            0.09062184393405914,
            0.05848276987671852
        ],
        "coil3": [
            -0.06887638568878174,
            -0.01750941574573517,
            0.010757834650576115
        ],
        "coil4": [
            -0.043185167014598846,
            0.08727328479290009,
            0.055926524102687836
        ]
    },
    "AnatomicalLandmarkCoordinateSystem": "ElektaNeuromag",
    "AnatomicalLandmarkCoordinateUnits": "m"
}
