{
    "MEGCoordinateSystem": "ElektaNeuromag",
    "MEGCoordinateUnits": "m",
    "MEGCoordinateSystemDescription": "RAS orientation and the origin between the ears",
    "HeadCoilCoordinates": {
        "NAS": [
            0.0,
            0.09520488977432251,
            2.7939677238464355e-09
        ],
        "LPA": [
            -0.06849248707294464,
            2.9802322387695312e-08,
            5.587935447692871e-09
        ],
        "RPA": [
            0.0711965337395668,
            2.9802322387695312e-08,
            0.0
        ],
        "coil1": [
            -0.0717315599322319,
            -0.017078489065170288,
            0.0323139950633049
        ],
        "coil2": [
            -0.054470308125019073,
            0.08134639263153076,
            0.07867597043514252
        ],
        "coil3": [
            0.07148966938257217,
            -0.020076990127563477,
            0.03673416003584862
        ],
        "coil4": [
            0.04538566246628761,
            0.08392930030822754,
            0.08811730891466141
        ]
    },
    "HeadCoilCoordinateSystem": "ElektaNeuromag",
    "HeadCoilCoordinateUnits": "m",
    "AnatomicalLandmarkCoordinates": {
        "NAS": [
            0.0,
            0.09520488977432251,
            2.7939677238464355e-09
        ],
        "LPA": [
            -0.06849248707294464,
            2.9802322387695312e-08,
            5.587935447692871e-09
        ],
        "RPA": [
            0.0711965337395668,
            2.9802322387695312e-08,
            0.0
        ],
        "coil1": [
            -0.0717315599322319,
            -0.017078489065170288,
            0.0323139950633049
        ],
        "coil2": [
            -0.054470308125019073,
            0.08134639263153076,
            0.07867597043514252
        ],
        "coil3": [
            0.07148966938257217,
            -0.020076990127563477,
            0.03673416003584862
        ],
        "coil4": [
            0.04538566246628761,
            0.08392930030822754,
            0.08811730891466141
        ]
    },
    "AnatomicalLandmarkCoordinateSystem": "ElektaNeuromag",
    "AnatomicalLandmarkCoordinateUnits": "m"
}
