{
    "MEGCoordinateSystem": "ElektaNeuromag",
    "MEGCoordinateUnits": "m",
    "MEGCoordinateSystemDescription": "RAS orientation and the origin between the ears",
    "HeadCoilCoordinates": {
        "NAS": [
            7.450580596923828e-09,
            0.09780064225196838,
            -1.4901161193847656e-08
        ],
        "LPA": [
            -0.07121060788631439,
            0.0,
            -2.2351741790771484e-08
        ],
        "RPA": [
            0.06763818860054016,
            0.0,
            -1.4901161193847656e-08
        ],
        "coil1": [
            -0.07268186658620834,
            -0.02982911467552185,
            0.0035748628433793783
        ],
        "coil2": [
            -0.053820427507162094,
            0.08309236168861389,
            0.04992217570543289
        ],
        "coil3": [
            0.06605823338031769,
            -0.025273829698562622,
            -0.011355273425579071
        ],
        "coil4": [
            0.04959160089492798,
            0.08526942133903503,
            0.05092848092317581
        ]
    },
    "HeadCoilCoordinateSystem": "ElektaNeuromag",
    "HeadCoilCoordinateUnits": "m",
    "AnatomicalLandmarkCoordinates": {
        "NAS": [
            7.450580596923828e-09,
            0.09780064225196838,
            -1.4901161193847656e-08
        ],
        "LPA": [
            -0.07121060788631439,
            0.0,
            -2.2351741790771484e-08
        ],
        "RPA": [
            0.06763818860054016,
            0.0,
            -1.4901161193847656e-08
        ],
        "coil1": [
            -0.07268186658620834,
            -0.02982911467552185,
            0.0035748628433793783
        ],
        "coil2": [
            -0.053820427507162094,
            0.08309236168861389,
            0.04992217570543289
        ],
        "coil3": [
            0.06605823338031769,
            -0.025273829698562622,
            -0.011355273425579071
        ],
        "coil4": [
            0.04959160089492798,
            0.08526942133903503,
            0.05092848092317581
        ]
    },
    "AnatomicalLandmarkCoordinateSystem": "ElektaNeuromag",
    "AnatomicalLandmarkCoordinateUnits": "m"
}
