{
    "MEGCoordinateSystem": "ElektaNeuromag",
    "MEGCoordinateUnits": "m",
    "MEGCoordinateSystemDescription": "RAS orientation and the origin between the ears",
    "HeadCoilCoordinates": {
        "NAS": [
            -7.450580596923828e-09,
            0.10531370341777802,
            7.450580596923828e-09
        ],
        "LPA": [
            -0.07036900520324707,
            1.4901161193847656e-08,
            7.450580596923828e-09
        ],
        "RPA": [
            0.07107676565647125,
            -2.9802322387695312e-08,
            1.1175870895385742e-08
        ],
        "coil1": [
            -0.07211323827505112,
            -0.02872397005558014,
            0.002911045914515853
        ],
        "coil2": [
            0.07041987776756287,
            -0.03047676384449005,
            -0.0010642869165167212
        ],
        "coil3": [
            0.0534379668533802,
            0.08507835865020752,
            0.0729610025882721
        ],
        "coil4": [
            -0.05763968452811241,
            0.0799354761838913,
            0.07812380790710449
        ]
    },
    "HeadCoilCoordinateSystem": "ElektaNeuromag",
    "HeadCoilCoordinateUnits": "m",
    "AnatomicalLandmarkCoordinates": {
        "NAS": [
            -7.450580596923828e-09,
            0.10531370341777802,
            7.450580596923828e-09
        ],
        "LPA": [
            -0.07036900520324707,
            1.4901161193847656e-08,
            7.450580596923828e-09
        ],
        "RPA": [
            0.07107676565647125,
            -2.9802322387695312e-08,
            1.1175870895385742e-08
        ],
        "coil1": [
            -0.07211323827505112,
            -0.02872397005558014,
            0.002911045914515853
        ],
        "coil2": [
            0.07041987776756287,
            -0.03047676384449005,
            -0.0010642869165167212
        ],
        "coil3": [
            0.0534379668533802,
            0.08507835865020752,
            0.0729610025882721
        ],
        "coil4": [
            -0.05763968452811241,
            0.0799354761838913,
            0.07812380790710449
        ]
    },
    "AnatomicalLandmarkCoordinateSystem": "ElektaNeuromag",
    "AnatomicalLandmarkCoordinateUnits": "m"
}
