{
    "MEGCoordinateSystem": "ElektaNeuromag",
    "MEGCoordinateUnits": "m",
    "MEGCoordinateSystemDescription": "RAS orientation and the origin between the ears",
    "HeadCoilCoordinates": {
        "NAS": [
            6.984919309616089e-09,
            0.0872218906879425,
            3.725290298461914e-09
        ],
        "LPA": [
            -0.06364121288061142,
            2.9802322387695312e-08,
            3.725290298461914e-09
        ],
        "RPA": [
            0.06304426491260529,
            2.9802322387695312e-08,
            0.0
        ],
        "coil1": [
            -0.021842215210199356,
            0.09597507119178772,
            0.043948445469141006
        ],
        "coil2": [
            0.04055085778236389,
            0.08698901534080505,
            0.024569440633058548
        ],
        "coil3": [
            -0.06575298309326172,
            -0.029927074909210205,
            0.0025294700171798468
        ],
        "coil4": [
            0.06244903802871704,
            -0.030466943979263306,
            0.0010881669586524367
        ]
    },
    "HeadCoilCoordinateSystem": "ElektaNeuromag",
    "HeadCoilCoordinateUnits": "m",
    "AnatomicalLandmarkCoordinates": {
        "NAS": [
            6.984919309616089e-09,
            0.0872218906879425,
            3.725290298461914e-09
        ],
        "LPA": [
            -0.06364121288061142,
            2.9802322387695312e-08,
            3.725290298461914e-09
        ],
        "RPA": [
            0.06304426491260529,
            2.9802322387695312e-08,
            0.0
        ],
        "coil1": [
            -0.021842215210199356,
            0.09597507119178772,
            0.043948445469141006
        ],
        "coil2": [
            0.04055085778236389,
            0.08698901534080505,
            0.024569440633058548
        ],
        "coil3": [
            -0.06575298309326172,
            -0.029927074909210205,
            0.0025294700171798468
        ],
        "coil4": [
            0.06244903802871704,
            -0.030466943979263306,
            0.0010881669586524367
        ]
    },
    "AnatomicalLandmarkCoordinateSystem": "ElektaNeuromag",
    "AnatomicalLandmarkCoordinateUnits": "m"
}
