{
    "MEGCoordinateSystem": "ElektaNeuromag",
    "MEGCoordinateUnits": "m",
    "MEGCoordinateSystemDescription": "RAS orientation and the origin between the ears",
    "HeadCoilCoordinates": {
        "NAS": [
            -7.450580596923828e-09,
            0.09809121489524841,
            -3.725290298461914e-09
        ],
        "LPA": [
            -0.07192347943782806,
            0.0,
            -7.450580596923828e-09
        ],
        "RPA": [
            0.07000551372766495,
            0.0,
            -3.725290298461914e-09
        ],
        "coil1": [
            -0.054803911596536636,
            0.0698578953742981,
            0.0703921839594841
        ],
        "coil2": [
            -0.07441355288028717,
            -0.030588775873184204,
            0.010570227168500423
        ],
        "coil3": [
            0.07255248725414276,
            -0.03133392333984375,
            0.008621681481599808
        ],
        "coil4": [
            0.051062967628240585,
            0.07754039764404297,
            0.05490212142467499
        ]
    },
    "HeadCoilCoordinateSystem": "ElektaNeuromag",
    "HeadCoilCoordinateUnits": "m",
    "AnatomicalLandmarkCoordinates": {
        "NAS": [
            -7.450580596923828e-09,
            0.09809121489524841,
            -3.725290298461914e-09
        ],
        "LPA": [
            -0.07192347943782806,
            0.0,
            -7.450580596923828e-09
        ],
        "RPA": [
            0.07000551372766495,
            0.0,
            -3.725290298461914e-09
        ],
        "coil1": [
            -0.054803911596536636,
            0.0698578953742981,
            0.0703921839594841
        ],
        "coil2": [
            -0.07441355288028717,
            -0.030588775873184204,
            0.010570227168500423
        ],
        "coil3": [
            0.07255248725414276,
            -0.03133392333984375,
            0.008621681481599808
        ],
        "coil4": [
            0.051062967628240585,
            0.07754039764404297,
            0.05490212142467499
        ]
    },
    "AnatomicalLandmarkCoordinateSystem": "ElektaNeuromag",
    "AnatomicalLandmarkCoordinateUnits": "m"
}
