{
    "MEGCoordinateSystem": "ElektaNeuromag",
    "MEGCoordinateUnits": "m",
    "MEGCoordinateSystemDescription": "RAS orientation and the origin between the ears",
    "HeadCoilCoordinates": {
        "NAS": [
            1.862645149230957e-09,
            0.09885108470916748,
            0.0
        ],
        "LPA": [
            -0.0653710588812828,
            -2.9802322387695312e-08,
            0.0
        ],
        "RPA": [
            0.0690997987985611,
            0.0,
            0.0
        ],
        "coil1": [
            0.035601794719696045,
            0.09696772694587708,
            0.049761977046728134
        ],
        "coil2": [
            0.07047520577907562,
            -0.026588469743728638,
            0.00337334000505507
        ],
        "coil3": [
            -0.06862921267747879,
            -0.022384345531463623,
            0.012368623167276382
        ],
        "coil4": [
            -0.04263908416032791,
            0.08691048622131348,
            0.04756850749254227
        ]
    },
    "HeadCoilCoordinateSystem": "ElektaNeuromag",
    "HeadCoilCoordinateUnits": "m",
    "AnatomicalLandmarkCoordinates": {
        "NAS": [
            1.862645149230957e-09,
            0.09885108470916748,
            0.0
        ],
        "LPA": [
            -0.0653710588812828,
            -2.9802322387695312e-08,
            0.0
        ],
        "RPA": [
            0.0690997987985611,
            0.0,
            0.0
        ],
        "coil1": [
            0.035601794719696045,
            0.09696772694587708,
            0.049761977046728134
        ],
        "coil2": [
            0.07047520577907562,
            -0.026588469743728638,
            0.00337334000505507
        ],
        "coil3": [
            -0.06862921267747879,
            -0.022384345531463623,
            0.012368623167276382
        ],
        "coil4": [
            -0.04263908416032791,
            0.08691048622131348,
            0.04756850749254227
        ]
    },
    "AnatomicalLandmarkCoordinateSystem": "ElektaNeuromag",
    "AnatomicalLandmarkCoordinateUnits": "m"
}
