{
    "MEGCoordinateSystem": "ElektaNeuromag",
    "MEGCoordinateUnits": "m",
    "MEGCoordinateSystemDescription": "RAS orientation and the origin between the ears",
    "HeadCoilCoordinates": {
        "NAS": [
            1.862645149230957e-09,
            0.10276594758033752,
            7.450580596923828e-09
        ],
        "LPA": [
            -0.07051064074039459,
            0.0,
            -1.1175870895385742e-08
        ],
        "RPA": [
            0.06890938431024551,
            0.0,
            -3.725290298461914e-09
        ],
        "coil1": [
            -0.05190839618444443,
            0.09449952840805054,
            0.04877983033657074
        ],
        "coil2": [
            -0.0721915066242218,
            -0.02132803201675415,
            0.032083574682474136
        ],
        "coil3": [
            0.07009269297122955,
            -0.027416855096817017,
            0.017042776569724083
        ],
        "coil4": [
            0.05898042768239975,
            0.08726298809051514,
            0.04736557602882385
        ]
    },
    "HeadCoilCoordinateSystem": "ElektaNeuromag",
    "HeadCoilCoordinateUnits": "m",
    "AnatomicalLandmarkCoordinates": {
        "NAS": [
            1.862645149230957e-09,
            0.10276594758033752,
            7.450580596923828e-09
        ],
        "LPA": [
            -0.07051064074039459,
            0.0,
            -1.1175870895385742e-08
        ],
        "RPA": [
            0.06890938431024551,
            0.0,
            -3.725290298461914e-09
        ],
        "coil1": [
            -0.05190839618444443,
            0.09449952840805054,
            0.04877983033657074
        ],
        "coil2": [
            -0.0721915066242218,
            -0.02132803201675415,
            0.032083574682474136
        ],
        "coil3": [
            0.07009269297122955,
            -0.027416855096817017,
            0.017042776569724083
        ],
        "coil4": [
            0.05898042768239975,
            0.08726298809051514,
            0.04736557602882385
        ]
    },
    "AnatomicalLandmarkCoordinateSystem": "ElektaNeuromag",
    "AnatomicalLandmarkCoordinateUnits": "m"
}
