{
    "MEGCoordinateSystem": "ElektaNeuromag",
    "MEGCoordinateUnits": "m",
    "MEGCoordinateSystemDescription": "RAS orientation and the origin between the ears",
    "HeadCoilCoordinates": {
        "NAS": [
            0.0,
            0.09551021456718445,
            0.0
        ],
        "LPA": [
            -0.068979911506176,
            0.0,
            7.450580596923828e-09
        ],
        "RPA": [
            0.06896144151687622,
            0.0,
            0.0
        ],
        "coil1": [
            -0.06557585299015045,
            -0.027439802885055542,
            0.011767230927944183
        ],
        "coil2": [
            -0.04492052644491196,
            0.08570754528045654,
            0.031557708978652954
        ],
        "coil3": [
            0.06534149497747421,
            -0.02387791872024536,
            0.0062920148484408855
        ],
        "coil4": [
            0.03537089750170708,
            0.09255874156951904,
            0.033303774893283844
        ]
    },
    "HeadCoilCoordinateSystem": "ElektaNeuromag",
    "HeadCoilCoordinateUnits": "m",
    "AnatomicalLandmarkCoordinates": {
        "NAS": [
            0.0,
            0.09551021456718445,
            0.0
        ],
        "LPA": [
            -0.068979911506176,
            0.0,
            7.450580596923828e-09
        ],
        "RPA": [
            0.06896144151687622,
            0.0,
            0.0
        ],
        "coil1": [
            -0.06557585299015045,
            -0.027439802885055542,
            0.011767230927944183
        ],
        "coil2": [
            -0.04492052644491196,
            0.08570754528045654,
            0.031557708978652954
        ],
        "coil3": [
            0.06534149497747421,
            -0.02387791872024536,
            0.0062920148484408855
        ],
        "coil4": [
            0.03537089750170708,
            0.09255874156951904,
            0.033303774893283844
        ]
    },
    "AnatomicalLandmarkCoordinateSystem": "ElektaNeuromag",
    "AnatomicalLandmarkCoordinateUnits": "m"
}
