{
    "MEGCoordinateSystem": "ElektaNeuromag",
    "MEGCoordinateUnits": "m",
    "MEGCoordinateSystemDescription": "RAS orientation and the origin between the ears",
    "HeadCoilCoordinates": {
        "NAS": [
            -1.1175870895385742e-08,
            0.09639385342597961,
            1.862645149230957e-09
        ],
        "LPA": [
            -0.06902588903903961,
            0.0,
            3.725290298461914e-09
        ],
        "RPA": [
            0.06836646050214767,
            -2.9802322387695312e-08,
            8.381903171539307e-09
        ],
        "coil1": [
            0.06942947953939438,
            -0.02789291739463806,
            0.026215098798274994
        ],
        "coil2": [
            0.053513817489147186,
            0.0828695297241211,
            0.057452306151390076
        ],
        "coil3": [
            -0.06654490530490875,
            -0.022136598825454712,
            0.025550130754709244
        ],
        "coil4": [
            -0.05003798007965088,
            0.08376961946487427,
            0.059322603046894073
        ]
    },
    "HeadCoilCoordinateSystem": "ElektaNeuromag",
    "HeadCoilCoordinateUnits": "m",
    "AnatomicalLandmarkCoordinates": {
        "NAS": [
            -1.1175870895385742e-08,
            0.09639385342597961,
            1.862645149230957e-09
        ],
        "LPA": [
            -0.06902588903903961,
            0.0,
            3.725290298461914e-09
        ],
        "RPA": [
            0.06836646050214767,
            -2.9802322387695312e-08,
            8.381903171539307e-09
        ],
        "coil1": [
            0.06942947953939438,
            -0.02789291739463806,
            0.026215098798274994
        ],
        "coil2": [
            0.053513817489147186,
            0.0828695297241211,
            0.057452306151390076
        ],
        "coil3": [
            -0.06654490530490875,
            -0.022136598825454712,
            0.025550130754709244
        ],
        "coil4": [
            -0.05003798007965088,
            0.08376961946487427,
            0.059322603046894073
        ]
    },
    "AnatomicalLandmarkCoordinateSystem": "ElektaNeuromag",
    "AnatomicalLandmarkCoordinateUnits": "m"
}
