{
    "MEGCoordinateSystem": "ElektaNeuromag",
    "MEGCoordinateUnits": "m",
    "MEGCoordinateSystemDescription": "RAS orientation and the origin between the ears",
    "HeadCoilCoordinates": {
        "NAS": [
            0.0,
            0.08648887276649475,
            0.0
        ],
        "LPA": [
            -0.06590697914361954,
            0.0,
            0.0
        ],
        "RPA": [
            0.06634734570980072,
            1.4901161193847656e-08,
            -3.725290298461914e-09
        ],
        "coil1": [
            -0.06597515195608139,
            -0.024837493896484375,
            0.0200074203312397
        ],
        "coil2": [
            0.0672592893242836,
            -0.025031492114067078,
            0.020029893144965172
        ],
        "coil3": [
            0.04433460906147957,
            0.09164854884147644,
            0.047056593000888824
        ],
        "coil4": [
            -0.0233968086540699,
            0.10418452322483063,
            0.04480051249265671
        ]
    },
    "HeadCoilCoordinateSystem": "ElektaNeuromag",
    "HeadCoilCoordinateUnits": "m",
    "AnatomicalLandmarkCoordinates": {
        "NAS": [
            0.0,
            0.08648887276649475,
            0.0
        ],
        "LPA": [
            -0.06590697914361954,
            0.0,
            0.0
        ],
        "RPA": [
            0.06634734570980072,
            1.4901161193847656e-08,
            -3.725290298461914e-09
        ],
        "coil1": [
            -0.06597515195608139,
            -0.024837493896484375,
            0.0200074203312397
        ],
        "coil2": [
            0.0672592893242836,
            -0.025031492114067078,
            0.020029893144965172
        ],
        "coil3": [
            0.04433460906147957,
            0.09164854884147644,
            0.047056593000888824
        ],
        "coil4": [
            -0.0233968086540699,
            0.10418452322483063,
            0.04480051249265671
        ]
    },
    "AnatomicalLandmarkCoordinateSystem": "ElektaNeuromag",
    "AnatomicalLandmarkCoordinateUnits": "m"
}
